http://epos-ip.org/WP16/Analogue,http://epos/WP16Vocabulary/Apparatus,http://epos-ip.org/WP16/Analogue/Main_Setting,http://epos-ip.org/WP16/Analogue/Material,http://epos/WP16Vocabulary/Monitoring,http://epos-ip.org/WP16/Analogue/Process/Hazard,http://epos-ip.org/WP16/Analogue/Deformation_Type,http://epos/WP16Vocabulary/Software
http://epos-ip.org/WP16/Analogue/Main_Setting,http://resource.geosciml.org/classifier/cgi/eventenvironment/basin_plain_setting,http://resource.geosciml.org/classifier/cgi/eventenvironment/crust,http://resource.geosciml.org/classifier/cgi/eventenvironment/earth_surface_setting,http://inspire.ec.europa.eu/codelist/EventEnvironmentValue/graben,http://resource.geosciml.org/classifier/cgi/eventenvironment/tectonic_setting
http://resource.geosciml.org/classifier/cgi/eventenvironment/crust,http://resource.geosciml.org/classifier/cgi/eventenvironment/upper_continental_crustal_setting,http://resource.geosciml.org/classifier/cgi/eventenvironment/upper_oceanic_crustal_setting
http://epos-ip.org/WP16/Analogue/Process/Hazard,http://resource.geosciml.org/classifier/cgi/eventprocess/geologic_process,http://inspire.ec.europa.eu/codelist/NaturalHazardCategoryValue/geologicalHydrological,http://resource.geosciml.org/classifier/cgi/eventprocess/magmatic_process,http://resource.geosciml.org/classifier/cgi/eventprocess/sedimentary_process,http://resource.geosciml.org/classifier/cgi/eventprocess/tectonic_process,http://resource.geosciml.org/classifier/cgi/eventprocess/weathering
http://resource.geosciml.org/classifier/cgi/eventprocess/tectonic_process,http://resource.geosciml.org/classifier/cgi/eventprocess/accretion,http://resource.geosciml.org/classifier/cgi/eventprocess/continental_breakup,http://resource.geosciml.org/classifier/cgi/eventprocess/continental_collision,http://resource.geosciml.org/classifier/cgi/eventprocess/obduction,http://resource.geosciml.org/classifier/cgi/eventprocess/orogenic_process,http://resource.geosciml.org/classifier/cgi/eventprocess/spreading,http://resource.geosciml.org/classifier/cgi/eventprocess/subduction,http://resource.geosciml.org/classifier/cgi/eventprocess/transform_faulting
http://resource.geosciml.org/classifier/cgi/eventenvironment/plate_margin_setting,http://resource.geosciml.org/classifier/cgi/eventenvironment/active_continental_margin_setting,http://resource.geosciml.org/classifier/cgi/eventenvironment/active_spreading_center,http://resource.geosciml.org/classifier/cgi/eventenvironment/forearc_setting,http://resource.geosciml.org/classifier/cgi/eventenvironment/subduction_zone_setting,http://resource.geosciml.org/classifier/cgi/eventenvironment/shoreline_settings,http://resource.geosciml.org/classifier/cgi/eventenvironment/volcanic_arc_setting,http://resource.geosciml.org/classifier/cgi/eventenvironment/transform_plate_boundary_setting
http://resource.geosciml.org/classifier/cgi/eventenvironment/earth_surface_setting,http://resource.geosciml.org/classifier/cgi/eventenvironment/hillslope_setting,http://resource.geosciml.org/classifier/cgi/eventenvironment/river_plain_system_setting
http://resource.geosciml.org/classifier/cgi/eventenvironment/tectonic_setting,http://resource.geosciml.org/classifier/cgi/eventenvironment/back_arc_setting,http://resource.geosciml.org/classifier/cgi/eventenvironment/collisional_setting,http://resource.geosciml.org/classifier/cgi/eventenvironment/continental_rift_setting,http://resource.geosciml.org/classifier/cgi/eventenvironment/foreland_setting,http://resource.geosciml.org/classifier/cgi/eventenvironment/hot_spot_setting,http://resource.geosciml.org/classifier/cgi/eventenvironment/intraplate_tectonic_setting,http://resource.geosciml.org/classifier/cgi/eventenvironment/mantle,http://resource.geosciml.org/classifier/cgi/eventenvironment/passive_continental_margin_setting,http://resource.geosciml.org/classifier/cgi/eventenvironment/plate_margin_setting,http://resource.geosciml.org/classifier/cgi/eventenvironment/plate_spreading_center
http://resource.geosciml.org/classifier/cgi/eventprocess/geologic_process
http://resource.geosciml.org/classifier/cgi/eventprocess/magmatic_process,http://resource.geosciml.org/classifier/cgi/eventprocess/eruption,http://resource.geosciml.org/classifier/cgi/eventprocess/intrusion
http://resource.geosciml.org/classifier/cgi/eventprocess/eruption
http://resource.geosciml.org/classifier/cgi/eventprocess/intrusion
http://resource.geosciml.org/classifier/cgi/eventprocess/sedimentary_process,http://resource.geosciml.org/classifier/cgi/eventprocess/deposition,http://resource.geosciml.org/classifier/cgi/eventprocess/erosion
http://resource.geosciml.org/classifier/cgi/eventprocess/deposition
http://resource.geosciml.org/classifier/cgi/eventprocess/deposition,http://resource.geosciml.org/classifier/cgi/eventprocess/debris_flow_deposition,http://resource.geosciml.org/classifier/cgi/eventprocess/mass_wasting_deposition
http://resource.geosciml.org/classifier/cgi/eventprocess/debris_flow_deposition
http://resource.geosciml.org/classifier/cgi/eventprocess/mass_wasting_deposition
http://resource.geosciml.org/classifier/cgi/eventprocess/erosion
http://resource.geosciml.org/classifier/cgi/eventprocess/weathering
http://inspire.ec.europa.eu/codelist/NaturalHazardCategoryValue/geologicalHydrological,http://resource.geosciml.org/classifier/cgi/environmental-impact/landslide,http://inspire.ec.europa.eu/codelist/NaturalHazardCategoryValue/earthquake,http://inspire.ec.europa.eu/codelist/NaturalHazardCategoryValue/tsunami,http://inspire.ec.europa.eu/codelist/NaturalHazardCategoryValue/snowAvalanche,http://inspire.ec.europa.eu/codelist/NaturalHazardCategoryValue/volcanic,http://inspire.ec.europa.eu/codelist/NaturalHazardCategoryValue/flood
http://resource.geosciml.org/classifier/cgi/environmental-impact/landslide
http://inspire.ec.europa.eu/codelist/NaturalHazardCategoryValue/earthquake
http://inspire.ec.europa.eu/codelist/NaturalHazardCategoryValue/tsunami
http://inspire.ec.europa.eu/codelist/NaturalHazardCategoryValue/snowAvalanche
http://inspire.ec.europa.eu/codelist/NaturalHazardCategoryValue/volcanic
http://inspire.ec.europa.eu/codelist/NaturalHazardCategoryValue/flood
http://epos-ip.org/WP16/Analogue/Deformation_Type,http://resource.geosciml.org/classifier/cgi/faulttype/detachment_fault,http://resource.geosciml.org/classifier/cgi/faulttype/normal_fault,http://resource.geosciml.org/classifier/cgi/faulttype/oblique_slip_fault,http://resource.geosciml.org/classifier/cgi/faulttype/reverse_fault,http://resource.geosciml.org/classifier/cgi/faulttype/scissor_fault,http://resource.geosciml.org/classifier/cgi/faulttype/thrust_fault,http://resource.geosciml.org/classifier/cgi/faulttype/wrench_fault
http://resource.geosciml.org/classifier/cgi/faulttype/oblique_slip_fault
http://resource.geosciml.org/classifier/cgi/faulttype/reverse_fault
http://resource.geosciml.org/classifier/cgi/faulttype/scissor_fault
http://resource.geosciml.org/classifier/cgi/faulttype/detachment_fault
http://resource.geosciml.org/classifier/cgi/faulttype/normal_fault
http://resource.geosciml.org/classifier/cgi/faulttype/thrust_fault
http://resource.geosciml.org/classifier/cgi/faulttype/wrench_fault
http://epos-ip.org/WP16/Paleomagnetic,http://epos-ip.org/WP16/Paleomagnetic/Instrument,http://epos-ip.org/WP16/Paleomagnetic/Protocol,http://epos-ip.org/WP16/Paleomagnetic/Software
http://epos-ip.org/WP16/Paleomagnetic/Instrument,http://epos-ip.org/WP16/Paleomagnetic/Instrument/Cryostat,http://epos-ip.org/WP16/Paleomagnetic/Instrument/Demagnetizer,http://epos-ip.org/WP16/Paleomagnetic/Instrument/DomainImager,http://epos-ip.org/WP16/Paleomagnetic/Instrument/Furnace,http://epos-ip.org/WP16/Paleomagnetic/Instrument/Magnetizer,http://epos-ip.org/WP16/Paleomagnetic/Instrument/Magnetometer,http://epos-ip.org/WP16/Paleomagnetic/Instrument/Magnetostrictometer,http://epos-ip.org/WP16/Paleomagnetic/Instrument/PulseMagnetizer,http://epos-ip.org/WP16/Paleomagnetic/Instrument/Spectrometer,http://epos-ip.org/WP16/Paleomagnetic/Instrument/Susceptometer
http://epos-ip.org/WP16/Paleomagnetic/Instrument/Demagnetizer,http://epos-ip.org/WP16/Paleomagnetic/Instrument/Demagnetizer/AF,http://epos-ip.org/WP16/Paleomagnetic/Instrument/Demagnetizer/Pulse,http://epos-ip.org/WP16/Paleomagnetic/Instrument/Demagnetizer/Thermal
http://epos-ip.org/WP16/Paleomagnetic/Instrument/Demagnetizer/AF,http://epos-ip.org/WP16/Paleomagnetic/Instrument/Demagnetizer/AF/IPGP-2GHDemag,http://epos-ip.org/WP16/Paleomagnetic/Instrument/Demagnetizer/AF/IPGP-Drusch,http://epos-ip.org/WP16/Paleomagnetic/Instrument/Demagnetizer/AF/IPGP-LDA-3Demag,http://epos-ip.org/WP16/Paleomagnetic/Instrument/Demagnetizer/AF/IPGP-SMDemagAF,http://epos-ip.org/WP16/Paleomagnetic/Instrument/Demagnetizer/AF/IPGP-SMDemagAFGE,http://epos-ip.org/WP16/Paleomagnetic/Instrument/Demagnetizer/AF/IPGP-Schonstedt,http://epos-ip.org/WP16/Paleomagnetic/Instrument/Demagnetizer/AF/IRM-Dtech,http://epos-ip.org/WP16/Paleomagnetic/Instrument/Demagnetizer/AF/IRM-GSD1,http://epos-ip.org/WP16/Paleomagnetic/Instrument/Demagnetizer/AF/SIO-Suzy
http://epos-ip.org/WP16/Paleomagnetic/Instrument/Demagnetizer/Thermal,http://epos-ip.org/WP16/Paleomagnetic/Instrument/Demagnetizer/Thermal/IPGP-Farcheo,http://epos-ip.org/WP16/Paleomagnetic/Instrument/Demagnetizer/Thermal/IPGP-Oven1,http://epos-ip.org/WP16/Paleomagnetic/Instrument/Demagnetizer/Thermal/IPGP-Oven2,http://epos-ip.org/WP16/Paleomagnetic/Instrument/Demagnetizer/Thermal/IPGP-Oven3,http://epos-ip.org/WP16/Paleomagnetic/Instrument/Demagnetizer/Thermal/IPGP-Oven4,http://epos-ip.org/WP16/Paleomagnetic/Instrument/Demagnetizer/Thermal/IPGP-Oven5,http://epos-ip.org/WP16/Paleomagnetic/Instrument/Demagnetizer/Thermal/IPGP-SMOven1+2,http://epos-ip.org/WP16/Paleomagnetic/Instrument/Demagnetizer/Thermal/IRM-TD,http://epos-ip.org/WP16/Paleomagnetic/Instrument/Demagnetizer/Thermal/SIO-Odette
http://epos-ip.org/WP16/Paleomagnetic/Instrument/Demagnetizer/Pulse,http://epos-ip.org/WP16/Paleomagnetic/Instrument/Demagnetizer/Pulse/SIO-Boom
http://epos-ip.org/WP16/Paleomagnetic/Instrument/Cryostat,http://epos-ip.org/WP16/Paleomagnetic/Instrument/Cryostat/AGM,http://epos-ip.org/WP16/Paleomagnetic/Instrument/Cryostat/VSM
http://epos-ip.org/WP16/Paleomagnetic/Instrument/Cryostat/AGM,http://epos-ip.org/WP16/Paleomagnetic/Instrument/Cryostat/AGM/IRM-AGMC
http://epos-ip.org/WP16/Paleomagnetic/Instrument/Cryostat/VSM,http://epos-ip.org/WP16/Paleomagnetic/Instrument/Cryostat/VSM/IRM-VSM1C,http://epos-ip.org/WP16/Paleomagnetic/Instrument/Cryostat/VSM/IRM-VSM3C
http://epos-ip.org/WP16/Paleomagnetic/Instrument/DomainImager,http://epos-ip.org/WP16/Paleomagnetic/Instrument/DomainImager/MagneticForceMicroscope,http://epos-ip.org/WP16/Paleomagnetic/Instrument/DomainImager/MagnetoOpticKerrEffect
http://epos-ip.org/WP16/Paleomagnetic/Instrument/DomainImager/MagneticForceMicroscope,http://epos-ip.org/WP16/Paleomagnetic/Instrument/DomainImager/MagneticForceMicroscope/RM-MFM
http://epos-ip.org/WP16/Paleomagnetic/Instrument/DomainImager/MagnetoOpticKerrEffect,http://epos-ip.org/WP16/Paleomagnetic/Instrument/DomainImager/MagnetoOpticKerrEffect/IRM-MOKE
http://epos-ip.org/WP16/Paleomagnetic/Instrument/Furnace,http://epos-ip.org/WP16/Paleomagnetic/Instrument/Furnace/Bridge,http://epos-ip.org/WP16/Paleomagnetic/Instrument/Furnace/VSM
http://epos-ip.org/WP16/Paleomagnetic/Instrument/Furnace/Bridge,http://epos-ip.org/WP16/Paleomagnetic/Instrument/Furnace/Bridge/RM-KappaF,http://epos-ip.org/WP16/Paleomagnetic/Instrument/Furnace/Bridge/IRM-KappaFAr
http://epos-ip.org/WP16/Paleomagnetic/Instrument/Furnace/VSM,http://epos-ip.org/WP16/Paleomagnetic/Instrument/Furnace/VSM/IRM-VSM1F,http://epos-ip.org/WP16/Paleomagnetic/Instrument/Furnace/VSM/IRM-VSM2F
http://epos-ip.org/WP16/Analogue/Material,http://epos/WP16Vocabulary/AnalogueMaterial/Air,http://epos/WP16Vocabulary/AnalogueMaterial/AluminaPowder,http://epos/WP16Vocabulary/AnalogueMaterial/Carbopol,http://epos/WP16Vocabulary/AnalogueMaterial/Cement,http://epos/WP16Vocabulary/AnalogueMaterial/Clay,http://epos/WP16Vocabulary/AnalogueMaterial/Flour,http://epos/WP16Vocabulary/AnalogueMaterial/FoamRubber,http://epos/WP16Vocabulary/AnalogueMaterial/Gelatine,http://epos/WP16Vocabulary/AnalogueMaterial/GlassFragments,http://epos/WP16Vocabulary/AnalogueMaterial/Glycerine,http://epos/WP16Vocabulary/AnalogueMaterial/GoldenSyrup,http://epos/WP16Vocabulary/AnalogueMaterial/Graphyte,http://epos/WP16Vocabulary/AnalogueMaterial/Ignimbrite,http://epos/WP16Vocabulary/AnalogueMaterial/IronPowder,http://epos/WP16Vocabulary/AnalogueMaterial/Microsphere,http://epos/WP16Vocabulary/AnalogueMaterial/Natrosol,http://epos/WP16Vocabulary/AnalogueMaterial/Nitrogen,http://epos/WP16Vocabulary/AnalogueMaterial/Paraffin,http://epos/WP16Vocabulary/AnalogueMaterial/Plastic,http://epos/WP16Vocabulary/AnalogueMaterial/Plasticine,http://epos/WP16Vocabulary/AnalogueMaterial/PolycristallineCaTiO3,http://epos/WP16Vocabulary/AnalogueMaterial/PVCRoods,http://epos/WP16Vocabulary/AnalogueMaterial/Pyrex,http://epos/WP16Vocabulary/AnalogueMaterial/RubberPellet,http://epos/WP16Vocabulary/AnalogueMaterial/Sand,http://epos/WP16Vocabulary/AnalogueMaterial/Silicon,http://epos/WP16Vocabulary/AnalogueMaterial/Sugar,http://epos/WP16Vocabulary/AnalogueMaterial/VegetableOil,http://epos/WP16Vocabulary/AnalogueMaterial/Water,http://epos/WP16Vocabulary/AnalogueMaterial/WatSaturatedPaste
http://epos/WP16Vocabulary/AnalogueMaterial/Gelatine,http://epos/WP16Vocabulary/AnalogueMaterial/Gelatine/PigSkin,http://epos/WP16Vocabulary/AnalogueMaterial/Gelatine/K-caragean,http://epos/WP16Vocabulary/AnalogueMaterial/Gelatine/GellanGum,http://epos/WP16Vocabulary/AnalogueMaterial/Gelatine/Xantan
http://epos/WP16Vocabulary/AnalogueMaterial/Flour,http://epos/WP16Vocabulary/AnalogueMaterial/Flour/Rise
http://epos/WP16Vocabulary/AnalogueMaterial/Sand,http://epos/WP16Vocabulary/AnalogueMaterial/Sand/Corundum,http://epos/WP16Vocabulary/AnalogueMaterial/Sand/Quartz
http://epos/WP16Vocabulary/AnalogueMaterial/Microsphere,http://epos/WP16Vocabulary/AnalogueMaterial/Microsphere/Glassy,http://epos/WP16Vocabulary/AnalogueMaterial/Microsphere/Siliceus
http://epos/WP16Vocabulary/Apparatus/Box,http://epos/WP16Vocabulary/Apparatus/Box/Box_cm_scale,http://epos/WP16Vocabulary/Apparatus/Box/Box_m_scale
http://epos/WP16Vocabulary/Apparatus/Sandbox,http://epos/WP16Vocabulary/Apparatus/Sandbox/Sandbox_cm_scale,http://epos/WP16Vocabulary/Apparatus/Sandbox/Sandbox_m_scale
http://epos/WP16Vocabulary/Apparatus,http://epos/WP16Vocabulary/Apparatus/2D_Convection_box,http://epos/WP16Vocabulary/Apparatus/3D_Convection_box,http://epos/WP16Vocabulary/Apparatus/Box,http://epos/WP16Vocabulary/Apparatus/Cooler_device,http://epos/WP16Vocabulary/Apparatus/Densimeter,http://epos/WP16Vocabulary/Apparatus/Dynamometer,http://epos/WP16Vocabulary/Apparatus/Earthquake_simulator,http://epos/WP16Vocabulary/Apparatus/Electric_engine,http://epos/WP16Vocabulary/Apparatus/Electronic_microscope,http://epos/WP16Vocabulary/Apparatus/Extension_box,http://epos/WP16Vocabulary/Apparatus/Fault_simulator,http://epos/WP16Vocabulary/Apparatus/Flow_channel,http://epos/WP16Vocabulary/Apparatus/Fluid_injector,http://epos/WP16Vocabulary/Apparatus/Fluid_injector_tc,http://epos/WP16Vocabulary/Apparatus/Fluid_pressure_device,http://epos/WP16Vocabulary/Apparatus/Fog_box,http://epos/WP16Vocabulary/Apparatus/Granular_flow_simulator,http://epos/WP16Vocabulary/Apparatus/Gravity_load_device,http://epos/WP16Vocabulary/Apparatus/Gravity_sliding_simulator,http://epos/WP16Vocabulary/Apparatus/Heating_device,http://epos/WP16Vocabulary/Apparatus/Hubbert_shear_box,http://epos/WP16Vocabulary/Apparatus/Peristaltic_pump,http://epos/WP16Vocabulary/Apparatus/Perspex_cylinder,http://epos/WP16Vocabulary/Apparatus/Pycnometer,http://epos/WP16Vocabulary/Apparatus/Rainfall_system,http://epos/WP16Vocabulary/Apparatus/Rheometer,http://epos/WP16Vocabulary/Apparatus/Ring_shear_tester,http://epos/WP16Vocabulary/Apparatus/River_sytem_simulator,http://epos/WP16Vocabulary/Apparatus/Sandbox,http://epos/WP16Vocabulary/Apparatus/Sediment_feeders,http://epos/WP16Vocabulary/Apparatus/Shear_box,http://epos/WP16Vocabulary/Apparatus/Sieving_device,http://epos/WP16Vocabulary/Apparatus/Squeeze_box,http://epos/WP16Vocabulary/Apparatus/Subduction_box,http://epos/WP16Vocabulary/Apparatus/Thermomechanics_apparatus,http://epos/WP16Vocabulary/Apparatus/Triaxal_tester,http://epos/WP16Vocabulary/Apparatus/Tsunami_simulator,http://epos/WP16Vocabulary/Apparatus/Turbidity_current_simulator,http://epos/WP16Vocabulary/Apparatus/Uniaxial_tester,http://epos/WP16Vocabulary/Apparatus/Vice_tester,http://epos/WP16Vocabulary/Apparatus/Viscometer,http://epos/WP16Vocabulary/Apparatus/Wedge_simulator
http://epos/WP16Vocabulary/Monitoring,http://epos/WP16Vocabulary/Monitoring/Conductivity_measuring_system,http://epos/WP16Vocabulary/Monitoring/CT_scan,http://epos/WP16Vocabulary/Monitoring/Deflection_light,http://epos/WP16Vocabulary/Monitoring/Discharge_meter,http://epos/WP16Vocabulary/Monitoring/Electrochemical_techniques,http://epos/WP16Vocabulary/Monitoring/HFR_camera,http://epos/WP16Vocabulary/Monitoring/Kinetic_Microfoft,http://epos/WP16Vocabulary/Monitoring/Laser_interferometer,http://epos/WP16Vocabulary/Monitoring/Laser_scanner,http://epos/WP16Vocabulary/Monitoring/Lidar,http://epos/WP16Vocabulary/Monitoring/MEMS_accelerometer,http://epos/WP16Vocabulary/Monitoring/Schlieren,http://epos/WP16Vocabulary/Monitoring/Sectioning,http://epos/WP16Vocabulary/Monitoring/Seismic_reflection,http://epos/WP16Vocabulary/Monitoring/SLR_camera,http://epos/WP16Vocabulary/Monitoring/Temperature_measurement,http://epos/WP16Vocabulary/Monitoring/Thermochromic_liquid_crystals,http://epos/WP16Vocabulary/Monitoring/Time_lapse_camera,http://epos/WP16Vocabulary/Monitoring/Ultrasonic_doppler_velocimetry,http://epos/WP16Vocabulary/Monitoring/Videocamera
http://epos/WP16Vocabulary/Software/PIV,http://epos/WP16Vocabulary/Software/PIV/Matlab_code,http://epos/WP16Vocabulary/Software/PIV/LabPIV,http://epos/WP16Vocabulary/Software/PIV/PIVTEC
http://epos/WP16Vocabulary/Software,http://epos/WP16Vocabulary/Software/Envi,http://epos/WP16Vocabulary/Software/Erdas,http://epos/WP16Vocabulary/Software/Geomodeller,http://epos/WP16Vocabulary/Software/GeoSec,http://epos/WP16Vocabulary/Software/GeoTools,http://epos/WP16Vocabulary/Software/GOCAD,http://epos/WP16Vocabulary/Software/LabView_Data_Viewer,http://epos/WP16Vocabulary/Software/LabView_Deformation_Mapper,http://epos/WP16Vocabulary/Software/Lens,http://epos/WP16Vocabulary/Software/Light_3D,http://epos/WP16Vocabulary/Software/Matlab,http://epos/WP16Vocabulary/Software/Microstation,http://epos/WP16Vocabulary/Software/Move,http://epos/WP16Vocabulary/Software/OPTUM,http://epos/WP16Vocabulary/Software/Particle_Flow_Code,http://epos/WP16Vocabulary/Software/PathfindeR,http://epos/WP16Vocabulary/Software/Petrel,http://epos/WP16Vocabulary/Software/PhotoScan,http://epos/WP16Vocabulary/Software/PIV,http://epos/WP16Vocabulary/Software/Polyworks,http://epos/WP16Vocabulary/Software/Promax,http://epos/WP16Vocabulary/Software/PyLith,http://epos/WP16Vocabulary/Software/QDYN,http://epos/WP16Vocabulary/Software/RMS,http://epos/WP16Vocabulary/Software/Seiswork,http://epos/WP16Vocabulary/Software/SLAMTEC,http://epos/WP16Vocabulary/Software/Solidworks,http://epos/WP16Vocabulary/Software/StereoScan,http://epos/WP16Vocabulary/Software/Terrasync,http://epos/WP16Vocabulary/Software/Kingdom_Suite,http://epos/WP16Vocabulary/Software/TopPad,http://epos/WP16Vocabulary/Software/Visual_Basic,http://epos/WP16Vocabulary/Software/Visual_Fortran,http://epos/WP16Vocabulary/Software/Visual_Studio
