http://epos/WP16Vocabulary/example2,http://epos/WP16Vocabulary/example3,http://epos/WP16Vocabulary/example4,http://epos/WP16Vocabulary/example5,http://epos/WP16Vocabulary/example6,http://epos/WP16Vocabulary/example7,http://epos/WP16Vocabulary/example8,http://epos/WP16Vocabulary/example9,http://epos/WP16Vocabulary/example10
http://epos/WP16Vocabulary/example11,http://epos/WP16Vocabulary/example12,http://epos/WP16Vocabulary/example13
http://epos/WP16Vocabulary/example14,http://epos/WP16Vocabulary/example15
http://epos/WP16Vocabulary/example15,http://epos/WP16Vocabulary/example16,http://epos/WP16Vocabulary/example17
http://epos/WP16Vocabulary/example14,http://epos/WP16Vocabulary/example18
http://epos/WP16Vocabulary/example22,http://epos/WP16Vocabulary/example23,http://epos/WP16Vocabulary/example24,http://epos/WP16Vocabulary/example25,,,,,,,
http://epos/WP16Vocabulary/example26,http://epos/WP16Vocabulary/example27,http://epos/WP16Vocabulary/example28,http://epos/WP16Vocabulary/example29,http://epos/WP16Vocabulary/example30,http://epos/WP16Vocabulary/example31,http://epos/WP16Vocabulary/example32,http://epos/WP16Vocabulary/example33,,,
http://epos/WP16Vocabulary/example37,http://epos/WP16Vocabulary/example38,http://epos/WP16Vocabulary/example39,http://epos/WP16Vocabulary/example40,http://epos/WP16Vocabulary/example41,http://epos/WP16Vocabulary/example42,http://epos/WP16Vocabulary/example43,http://epos/WP16Vocabulary/example44,http://epos/WP16Vocabulary/example45,http://epos/WP16Vocabulary/example46,http://epos/WP16Vocabulary/example47
http://epos/WP16Vocabulary/example50,http://epos/WP16Vocabulary/example51
http://epos/WP16Vocabulary/example84,http://epos/WP16Vocabulary/example85,http://epos/WP16Vocabulary/example86,http://epos/WP16Vocabulary/example87,http://epos/WP16Vocabulary/example88,http://epos/WP16Vocabulary/example89,http://epos/WP16Vocabulary/example90,http://epos/WP16Vocabulary/example91
http://epos/WP16Vocabulary/example92,http://epos/WP16Vocabulary/example93,http://epos/WP16Vocabulary/example94
http://epos/WP16Vocabulary/example99,http://epos/WP16Vocabulary/example100,http://epos/WP16Vocabulary/example101,http://epos/WP16Vocabulary/example102,http://epos/WP16Vocabulary/example103
http://epos/WP16Vocabulary/example104,http://epos/WP16Vocabulary/example105,http://epos/WP16Vocabulary/example106
