http://resource.geosciml.org/classifier/cgi/lithology/,"CGI Simple Lithology","This resource defines the concept space for lithology concepts by extension; it includes all concepts in this conceptScheme, as well as concepts in previous versions of the scheme."
http://resource.geosciml.org/classifier/cgi/lithology/acidic_igneous_material,"acidic igneous material","Igneous material with more than 63 percent SiO2."
http://resource.geosciml.org/classifier/cgi/lithology/acidic_igneous_rock,"acidic igneous rock","Igneous rock with more than 63 percent SiO2."
http://resource.geosciml.org/classifier/cgi/lithology/alkali-olivine_basalt,"alkali olivine basalt","Alkali olivine basalt is silica-undersaturated, characterized by the absence of orthopyroxene, absence of quartz, presence of olivine, and typically contains some feldspathoid mineral, alkali feldspar or phlogopite in the groundmass. Feldspar phenocrysts typically are labradorite to andesine in composition. Augite is rich in titanium compared to augite in tholeiitic basalt. Alkali olivine basalt is relatively rich in sodium."
http://resource.geosciml.org/classifier/cgi/lithology/alkali_feldspar_granite,"alkali feldspar granite","Granitic rock that has a plagioclase to total feldspar ratio less than 0.1. QAPF field 2."
http://resource.geosciml.org/classifier/cgi/lithology/alkali_feldspar_rhyolite,"alkali feldspar rhyolite","Rhyolitoid in which the ratio of plagioclase to total feldspar is less than 0.1. QAPF field 2."
http://resource.geosciml.org/classifier/cgi/lithology/alkali_feldspar_syenite,"alkali feldspar syenite","Alkali feldspar syenitic rock that contains 0-5 percent quartz and no feldspathoid in the QAPF fraction. QAPF field 6."
http://resource.geosciml.org/classifier/cgi/lithology/alkali_feldspar_syenitic_rock,"alkali feldspar syenitic rock","Syenitoid with a plagioclase to total feldspar ratio of less than 0.1. QAPF fields 6, 6*, and 6'."
http://resource.geosciml.org/classifier/cgi/lithology/alkali_feldspar_trachyte,"alkali feldspar trachyte","Trachytoid that has a plagioclase to total feldspar ratio less than 0.1, between 0 and 5 percent quartz in the QAPF fraction, and no feldspathoid minerals. QAPF field 6."
http://resource.geosciml.org/classifier/cgi/lithology/alkali_feldspar_trachytic_rock,"alkali feldspar trachytic rock","Trachytoid that has a plagioclase to total feldspar ratio less than 0.1. QAPF fields 6, 6', and 6*."
http://resource.geosciml.org/classifier/cgi/lithology/amphibolite,amphibolite,"Metamorphic rock mainly consisting of green, brown or black amphibole and plagioclase (including albite), which combined form 75 percent or more of the rock, and both of which are present as major constituents. The amphibole constitutes 50 percent or more of the total mafic constituents and is present in an amount of 30 percent or more; other common minerals include quartz, clinopyroxene, garnet, epidote-group minerals, biotite, titanite and scapolite."
http://resource.geosciml.org/classifier/cgi/lithology/andesite,andesite,"Fine-grained igneous rock with less than 20 percent quartz and less than 10 percent feldspathoid minerals in the QAPF fraction, in which the ratio of plagioclase to total feldspar is greater 0.65.  Includes rocks defined modally in QAPF fields 9 and 10 or chemically in TAS field O2 as andesite. Basalt and andesite, which share the same QAPF fields, are distinguished chemically based on silica content, with basalt defined to contain less than 52 weight percent silica.  If chemical data are not available, the color index is used to distinguish the categories, with basalt defined to contain greater than 35 percent mafic minerals by volume or greater than 40 percent mafic minerals by weight. Typically consists of plagioclase (frequently zoned from labradorite to oligoclase), pyroxene, hornblende and/or biotite. Fine grained equivalent of dioritic rock."
http://resource.geosciml.org/classifier/cgi/lithology/anorthosite,anorthosite,"Anorthositic rock that contains between 0 and 5 percent quartz and no feldspathoid mineral in the QAPF fraction. QAPF field 10."
http://resource.geosciml.org/classifier/cgi/lithology/anorthositic_rock,"anorthositic rock","Leucocratic phaneritic crystalline igneous rock consisting essentially of plagioclase, often with small amounts of pyroxene. By definition, colour index M is less than 10, and plagiclase to total feldspar ratio is greater than 0.9. Less than 20 percent quartz and less than 10 percent feldspathoid in the QAPF fraction. QAPF field 10, 10*, and 10'."
http://resource.geosciml.org/classifier/cgi/lithology/anthracite_coal,anthracite,"Coal that has vitrinite mean random reflectance greater than 2.0% (determined in conformance with ISO 7404-5).  Less than 12-14 percent volatiles (dry, ash free), greater than 91 percent fixed carbon (dry, ash free basis). The highest rank coal; very hard, glossy, black, with semimetallic luster, semi conchoidal fracture."
http://resource.geosciml.org/classifier/cgi/lithology/anthropogenic_material,"anthropogenic material","Material known to have artificial (human-related) origin; insufficient information to classify in more detail."
http://resource.geosciml.org/classifier/cgi/lithology/anthropogenic_unconsolidated_material,"anthropogenic unconsolidated material","Unconsolidated material known to have artificial (human-related) origin."
http://resource.geosciml.org/classifier/cgi/lithology/aphanite,aphanite,"Rock that is too fine grained to categorize in more detail."
http://resource.geosciml.org/classifier/cgi/lithology/aplite,aplite,"Light coloured crystalline rock, characterized by a fine grained allotriomorphic-granular (aplitic, saccharoidal or xenomorphic) texture; typically granitic composition, consisting of quartz, alkali feldspar and sodic plagioclase."
http://resource.geosciml.org/classifier/cgi/lithology/arenite,arenite,"Clastic sandstone that contains less than 10 percent matrix. Matrix is  mud-size silicate minerals (clay, feldspar, quartz, rock fragments, and alteration products) of detrital or diagenetic nature."
http://resource.geosciml.org/classifier/cgi/lithology/ash_and_lapilli,"ash and lapilli","Tephra in which less than 25 percent of fragments are greater than 64 mm in longest dimension"
http://resource.geosciml.org/classifier/cgi/lithology/ash_breccia_bomb_or_block_tephra,"ash breccia bomb or block tephra","Tephra in which more than 25 percent of particles are greater than 64 mm in largest dimension. Includes ash breccia, bomb tephra and block tephra of Gillespie and Styles (1999)"
http://resource.geosciml.org/classifier/cgi/lithology/ash_tuff_lapillistone_and_lapilli_tuff,"ash tuff lapillistone and lapilli tuff","Pyroclastic rock in which less than 25 percent of rock by volume are more than 64 mm in longest diameter. Includes tuff, lapilli tuff, and lapillistone."
http://resource.geosciml.org/classifier/cgi/lithology/basalt,basalt,"Fine-grained or porphyritic igneous rock with less than 20 percent quartz, and less than 10 percent feldspathoid minerals, in which the ratio of plagioclase to total feldspar is greater 0.65. Typically composed of calcic plagioclase and clinopyroxene; phenocrysts typically include one or more of calcic plagioclase, clinopyroxene, orthopyroxene, and olivine. Includes rocks defined modally in QAPF fields 9 and 10 or chemically in TAS field B as basalt. Basalt and andesite are distinguished chemically based on silica content, with basalt defined to contain less than 52 weight percent silica.  If chemical data are not available, the color index is used to distinguish the categories, with basalt defined to contain greater than 35 percent mafic minerals by volume or greater than 40 percent mafic minerals by weight."
http://resource.geosciml.org/classifier/cgi/lithology/basanite,basanite,"Tephritoid that has a plagioclase to total feldspar ratio greater than 0.9, and contains more than 10 percent normative (CIPW) olivine."
http://resource.geosciml.org/classifier/cgi/lithology/basanitic_foidite,"basanitic foidite","Foiditoid that contains less than 90 percent feldspathoid minerals in the QAPF fraction, and has a  plagioclase to total feldspar ratio that is greater than 0.5, with greater than 10 percent normative olivine."
http://resource.geosciml.org/classifier/cgi/lithology/basic_igneous_material,"basic igneous material","Igneous material with between 45 and 52 percent SiO2."
http://resource.geosciml.org/classifier/cgi/lithology/basic_igneous_rock,"basic igneous rock","Igneous rock with between 45 and 52 percent SiO2."
http://resource.geosciml.org/classifier/cgi/lithology/bauxite,bauxite,"Highly aluminous material containing abundant aluminium hydroxides (gibbsite, less commonly boehmite, diaspore) and aluminium-substituted iron oxides or hydroxides and generally minor or negligible kaolin minerals; may contain up to 20 percent quartz. commonly has a pisolitic or nodular texture, and may be cemented."
http://resource.geosciml.org/classifier/cgi/lithology/biogenic_sediment,"biogenic sediment","Sediment composed of greater than 50 percent material of biogenic origin. Because the biogenic material may be skeletal remains that are not organic, all biogenic sediment is not necessarily organic-rich."
http://resource.geosciml.org/classifier/cgi/lithology/biogenic_silica_sedimentary_rock,"biogenic silica sedimentary rock","Sedimentary rock that consists of at least 50 percent silicate mineral material, deposited directly by biological processes at the depositional surface, or in particles formed by biological processes within the basin of deposition."
http://resource.geosciml.org/classifier/cgi/lithology/bituminous_coal,"bituminous coal","Coal that has vitrinite mean random reflectance greater than 0.6% and less than 2.0% (determined in conformance with ISO 7404-5), or has a gross calorific value greater than 24 MJ/kg (determined in conformance with ISO 1928). Hard, black, organic rich sedimentary rock; contains less than 91 percent fixed carbon on a dry, mineral-matter-free basis, and greater  than 13-14 percent volatiles (dry, ash free). Formed from the compaction or induration of variously altered plant remains similar to those of peaty deposits."
http://resource.geosciml.org/classifier/cgi/lithology/boninite,boninite,"andesitic rock that contains more than 8 percent MgO. Typically consists of phenocrysts of protoenstatite, orthopyroxene, clinopyroxene, and olivine in a glassy base full of crystallites, and exhibits textures characterisitc of rapid crystal growth."
http://resource.geosciml.org/classifier/cgi/lithology/boulder_gravel_size_sediment,"boulder gravel size sediment","Sediment containing greater than 30 percent boulder-size particles (greater than 256 mm in diameter)"
http://resource.geosciml.org/classifier/cgi/lithology/boundstone,boundstone,"Sedimentary carbonate rock with preserved biogenic texture, whose original components were bound and encrusted together during deposition by the action of plants and animals during deposition, and remained substantially in the position of growth."
http://resource.geosciml.org/classifier/cgi/lithology/breccia,breccia,"Coarse-grained material composed of angular broken rock fragments; the fragments typically have sharp edges and unworn corners. The fragments may be held together by a mineral cement or in a fine-grained matrix, and consolidated or nonconsolidated. Clasts may be of any composition or origin. In sedimentary environments, breccia is used for material that consists entirely of angular fragments, mostly derived from a single source rock body, as in a rock avalanche deposit, and matrix is interpreted to be the product of comminution of clasts during transport. Diamictite or diamicton is used when the material reflects mixing of rock from a variety of sources, some sub angular or subrounded clasts may be present, and matrix is pre-existing fine grained material that is not a direct product of the brecciation/deposition process."
http://resource.geosciml.org/classifier/cgi/lithology/breccia_gouge_series,"breccia gouge series","Fault material with features such as void spaces (filled or unfilled), or unconsolidated matrix material between fragments, indicating loss of cohesion during deformation. Includes fault-related breccia and gouge."
http://resource.geosciml.org/classifier/cgi/lithology/calcareous_carbonate_sediment,"calcareous carbonate sediment","Carbonate sediment with a calcite (plus aragonite) to dolomite ratio greater than 1 to 1. Includes lime-sediments."
http://resource.geosciml.org/classifier/cgi/lithology/calcareous_carbonate_sedimentary_material,"calcareous carbonate sedimentary material","Carbonate sedimentary material of unspecified consolidation state with a calcite (plus aragonite) to dolomite ratio greater than 1 to 1. Includes lime-sediments, limestone and dolomitic limestone."
http://resource.geosciml.org/classifier/cgi/lithology/calcareous_carbonate_sedimentary_rock,"calcareous carbonate sedimentary rock","Carbonate sedimentary rock with a calcite (plus aragonite) to dolomite ratio greater than 1 to 1. Includes limestone and dolomitic limestone."
http://resource.geosciml.org/classifier/cgi/lithology/carbonate_mud,"carbonate mud","Carbonate sediment composed of less than 25 percent clasts  that have a maximum diameter more than 2 mm, and the ratio of sand size to mud size clasts is less than one."
http://resource.geosciml.org/classifier/cgi/lithology/carbonate_mudstone,"carbonate mudstone","Mudstone that consists of greater than 50 percent carbonate minerals of any origin in the mud size fraction."
http://resource.geosciml.org/classifier/cgi/lithology/carbonate_ooze,"carbonate ooze","ooze that consists of more than 50 percent carbonate skeletal remains"
http://resource.geosciml.org/classifier/cgi/lithology/carbonate_rich_mud,"carbonate rich mud","Mud size sediment that contains between 10 and 50 percent carbonate minerals in any size fraction. Carbonate origin is not specified."
http://resource.geosciml.org/classifier/cgi/lithology/carbonate_rich_mudstone,"carbonate rich mudstone","Mudstone that contains between 10 and 50 percent carbonate minerals in the mud size fraction. Carbonate origin is not specified."
http://resource.geosciml.org/classifier/cgi/lithology/carbonate_sediment,"carbonate sediment","Sediment in which at least 50 percent of the primary and/or recrystallized constituents are composed of one (or more) of the carbonate minerals calcite, aragonite and dolomite, in particles of intrabasinal origin."
http://resource.geosciml.org/classifier/cgi/lithology/carbonate_sedimentary_material,"carbonate sedimentary material","Sedimentary material in which at least 50 percent of the primary and/or recrystallized constituents are composed of one (or more) of the carbonate minerals calcite, aragonite and dolomite, in particles of intrabasinal origin."
http://resource.geosciml.org/classifier/cgi/lithology/carbonate_sedimentary_rock,"carbonate sedimentary rock","Sedimentary rock in which at least 50 percent of the primary and/or recrystallized constituents are composed of one (or more) of the carbonate minerals calcite, aragonite, magnesite or dolomite."
http://resource.geosciml.org/classifier/cgi/lithology/carbonate_wackestone,"carbonate wackestone","Carbonate sedimentary rock with discernible mud supported depositional texture and containing greater than 10 percent allochems, and constituent particles are of intrabasinal origin. If particles are not intrabasinal, categorization as a mudstone or wackestone should be considered."
http://resource.geosciml.org/classifier/cgi/lithology/carbonatite,carbonatite,"Igneous rock composed of more than 50 percent modal carbonate minerals."
http://resource.geosciml.org/classifier/cgi/lithology/cataclasite_series,"cataclasite series","Fault-related rock that maintained primary cohesion during deformation, with matrix comprising greater than 10 percent of rock mass; matrix is fine-grained material formed through grain size reduction by fracture as opposed to crystal plastic process that operate in mylonitic rock.  Includes cataclasite, protocataclasite and ultracataclasite."
http://resource.geosciml.org/classifier/cgi/lithology/chalk,chalk,"A generally soft, white, very fine-grained, extremely pure, porous limestone. It forms under marine conditions from the gradual accumulation of skeletal elements from minute planktonic green algae (cocoliths), associated with varying proportions of larger microscopic fragments of bivalves, foraminifera and ostracods. It is common to find flint and chert nodules embedded in chalk."
http://resource.geosciml.org/classifier/cgi/lithology/chemical_sedimentary_material,"chemical sedimentary material","Sedimentary material  that consists of at least 50 percent material produced by inorganic chemical processes within the basin of deposition. Includes inorganic siliceous, carbonate, evaporite, iron-rich, and phosphatic sediment classes."
http://resource.geosciml.org/classifier/cgi/lithology/chlorite_actinolite_epidote_metamorphic_rock,"chlorite actinolite epidote metamorphic rock","Metamorphic rock characterized by 50 percent or more of combined chlorite, actinolite and epidote. Category for rocks generally named greenschist or greenstone."
http://resource.geosciml.org/classifier/cgi/lithology/clastic_conglomerate,conglomerate,"Clastic sedimentary rock composed of at least 30 percent rounded to subangular fragments larger than 2 mm in diameter; typically contains finer grained material in interstices between larger fragments. If more than 15 percent of the fine grained matrix is of indeterminant clastic or diagenetic origin and the fabric is matrix supported, may also be categorized as wackestone. If rock has unsorted or poorly sorted texture with a wide range of particle sizes, may also be categorized as diamictite."
http://resource.geosciml.org/classifier/cgi/lithology/clastic_mudstone,mudstone,"Clastic sedimentary rock consisting of less than 30 percent gravel-size (2 mm) particles and with a mud to sand ratio greater than 1."
http://resource.geosciml.org/classifier/cgi/lithology/clastic_sandstone,sandstone,"Clastic sedimentary rock in which less than 30 percent of particles are greater than 2 mm in diameter (gravel) and the sand to mud ratio is at least 1."
http://resource.geosciml.org/classifier/cgi/lithology/clastic_sediment,"clastic sediment","Sediment in which at least 50 percent of the constituent particles were derived from erosion, weathering, or mass-wasting of pre-existing earth materials, and transported to the place of deposition by mechanical agents such as water, wind, ice and gravity."
http://resource.geosciml.org/classifier/cgi/lithology/clastic_sedimentary_material,"clastic sedimentary material","Sedimentary material of unspecified consolidation state in which at least 50 percent of the constituent particles were derived from erosion, weathering, or mass-wasting of pre-existing earth materials, and transported to the place of deposition by mechanical agents such as water, wind, ice and gravity."
http://resource.geosciml.org/classifier/cgi/lithology/clastic_sedimentary_rock,"clastic sedimentary rock","Sedimentary rock in which at least 50 percent of the constituent particles were derived from erosion, weathering, or mass-wasting of pre-existing earth materials, and transported to the place of deposition by mechanical agents such as water, wind, ice and gravity."
http://resource.geosciml.org/classifier/cgi/lithology/clay,clay,"Mud that consists of greater than 50 percent particles with grain size less than 0.004 mm"
http://resource.geosciml.org/classifier/cgi/lithology/claystone,claystone,"Mudstone that contains no detectable silt, inferred to consist virtually entirely of clay-size particles."
http://resource.geosciml.org/classifier/cgi/lithology/coal,coal,"A consolidated organic sedimentary material having less than 75% moisture. This category includes low, medium, and high rank coals according to International Classification of In-Seam Coal (United Nations, 1998), thus including lignite. Sapropelic coal is not distinguished in this category from humic coals. Formed from the compaction or induration of variously altered plant remains similar to those of peaty deposits."
http://resource.geosciml.org/classifier/cgi/lithology/cobble_gravel_size_sediment,"cobble gravel size sediment","Sediment containing greater than 30 percent cobble-size particles (64-256 mm in diameter)"
http://resource.geosciml.org/classifier/cgi/lithology/composite_genesis_material,"composite genesis material","Material of unspecified consolidation state formed by geological modification of pre-existing materials outside the realm of igneous and sedimentary processes. Includes rocks formed by impact metamorphism, standard dynamothermal metamorphism, brittle deformation, weathering, metasomatism and hydrothermal alteration (diagenesis is a sedimentary process in this context)."
http://resource.geosciml.org/classifier/cgi/lithology/composite_genesis_rock,"composite genesis rock","Rock formed by geological modification of pre-existing rocks outside the realm of igneous and sedimentary processes. Includes rocks formed by impact metamorphism, standard dynamothermal metamorphism, brittle deformation, weathering, metasomatism and hydrothermal alteration (diagenesis is a sedimentary process in this context)."
http://resource.geosciml.org/classifier/cgi/lithology/compound_material,"compound material","An Earth Material composed of an aggregation of particles of Earth Material, possibly including other compound Materials. This is 'top' of lithology category hierarchy, and should be used to indicate 'any rock or unconsolidated material'."
http://resource.geosciml.org/classifier/cgi/lithology/crystalline_carbonate,"crystalline carbonate","Carbonate rock of indeterminate mineralogy in which diagenetic processes have obliterated any original depositional texture."
http://resource.geosciml.org/classifier/cgi/lithology/dacite,dacite,"Fine grained or porphyritic crystalline rock that contains less than 90 percent mafic minerals,  between 20 and 60 percent quartz in the QAPF fraction, and has a plagioclase to total feldspar ratio greater than 0.65.  Includes rocks defined modally in QAPF fields 4 and 5 or chemically in TAS Field O3. Typcially composed of quartz and sodic plagioclase with minor amounts of biotite and/or hornblende and/or pyroxene; fine-grained equivalent of granodiorite and tonalite."
http://resource.geosciml.org/classifier/cgi/lithology/diamictite,diamictite,"Unsorted or poorly sorted, clastic sedimentary rock with a wide range of particle sizes including a muddy matrix.  Biogenic materials that have such texture are excluded. Distinguished from conglomerate, sandstone, mudstone based on polymodality and  lack of structures related to transport and deposition of sediment by moving air or water.  If more than 10 percent of the fine grained matrix is of indeterminant clastic or diagenetic origin and the fabric is matrix supported, may also be categorized as wacke."
http://resource.geosciml.org/classifier/cgi/lithology/diamicton,diamicton,"Unsorted or poorly sorted, clastic sediment with a wide range of particle sizes, including a muddy matrix.  Biogenic materials that have such texture are excluded. Distinguished from conglomerate, sandstone, mudstone based on polymodality and  lack of structures related to transport and deposition of sediment by moving air or water. Assignment to an other size class can be used in conjunction to indicate the dominant grain size."
http://resource.geosciml.org/classifier/cgi/lithology/diorite,diorite,"Phaneritic crystalline rock consisting of intermediate plagioclase, commonly with hornblende and often with biotite or augite; colour index M less than 90,  sodic plagioclase (An0-An50), no feldspathoid, and between 0 and 5 percent quartz. Includes rocks defined modally in QAPF field 10 as diorite."
http://resource.geosciml.org/classifier/cgi/lithology/dioritic_rock,"dioritic rock","Phaneritic crystalline rock with M less than 90, consisting of intermediate plagioclase, commonly with hornblende and often with biotite or augite. A dioritoid with a plagioclase to total feldspar ratio (in the QAPF fraction) greater than 0.9.  Includes rocks defined modally in QAPF fields 10, 10' and 10*."
http://resource.geosciml.org/classifier/cgi/lithology/dioritoid,dioritoid,"Phaneritic crystalline igneous rock with M less than 90, consisting of intermediate plagioclase, commonly with hornblende and often with biotite or augite. Plagioclase to total feldspar ratio is greater that 0.65, and anorthite content of plagioclase is less than 50 percent. Less than 10 percent feldspathoid mineral and less than 20 percent quartz in the QAPF fraction.  Includes rocks defined modally in QAPF fields 9 and 10 (and their subdivisions)."
http://resource.geosciml.org/classifier/cgi/lithology/doleritic_rock,"doleritic rock","Dark colored gabbroic (basaltic) or dioritic (andesitic) rock intermediate in grain size between basalt and gabbro and composed of plagioclase, pyroxene and opaque minerals; often with ophitic texture. Typically occurs as hypabyssal intrusions. Includes dolerite, microdiorite, diabase and microgabbro."
http://resource.geosciml.org/classifier/cgi/lithology/dolomitic_or_magnesian_sedimentary_material,"dolomitic or magnesian sedimentary material","Carbonate sedimentary material of unspecified consolidation degree with a ratio of magnesium carbonate to calcite (plus aragonite) greater than 1 to 1. Includes dolomite sediment, dolostone, lime dolostone and magnesite-stone."
http://resource.geosciml.org/classifier/cgi/lithology/dolomitic_or_magnesian_sedimentary_rock,"dolomitic or magnesian sedimentary rock","Carbonate sedimentary rock with a ratio of magnesium carbonate to calcite (plus aragonite) greater than 1 to 1. Includes dolostone, lime dolostone and magnesite-stone."
http://resource.geosciml.org/classifier/cgi/lithology/dolomitic_sediment,"dolomitic sediment","Carbonate sediment with a ratio of magnesium carbonate to calcite (plus aragonite) greater than 1 to 1."
http://resource.geosciml.org/classifier/cgi/lithology/dolostone,dolomite,"Pure carbonate sedimentary rock with a ratio of magnesium carbonate to calcite (plus aragonite) greater than 1 to 1."
http://resource.geosciml.org/classifier/cgi/lithology/duricrust,duricrust,"Rock forming a hard crust or layer at or near the Earth's surface at the time of formation, e.g. in the upper horizons of a soil, characterized by structures indicative of pedogenic origin."
http://resource.geosciml.org/classifier/cgi/lithology/eclogite,eclogite,"Metamorphic rock composed of 75 percent or more (by volume) omphacite and garnet, both of which are present as major constituents, the amount of neither of them being higher than 75 percent (by volume); the presence of plagioclase precludes classification as an eclogite."
http://resource.geosciml.org/classifier/cgi/lithology/evaporite,evaporite,"Nonclastic sedimentary rock composed of at least 50 percent non-carbonate salts, including chloride, sulfate or borate minerals; formed through precipitation of mineral salts from a saline solution (non-carbonate salt rock)."
http://resource.geosciml.org/classifier/cgi/lithology/exotic_alkaline_rock,"exotic alkaline rock","Kimberlite, lamproite, or lamprophyre. Generally are potassic, mafic or ultramafic rocks. Olivine (commonly serpentinized in kimberlite), and phlogopite are significant constituents."
http://resource.geosciml.org/classifier/cgi/lithology/exotic_composition_igneous_rock,"exotic composition igneous rock","Rock with 'exotic' mineralogical, textural or field setting characteristics; typically dark colored, with abundant phenocrysts. Criteria include: presence of greater than 10 percent melilite or leucite, or presence of kalsilite, or greater than 50 percent carbonate minerals. Includes Carbonatite, Melilitic rock, Kalsilitic rocks, Kimberlite, Lamproite, Leucitic rock and Lamprophyres."
http://resource.geosciml.org/classifier/cgi/lithology/exotic_evaporite,"exotic evaporite","Evaporite that is not 50 percent halite or 50 percent gypsum or anhydrite."
http://resource.geosciml.org/classifier/cgi/lithology/fault_related_material,"fault related material","Material formed as a result brittle faulting, composed of greater than 10 percent matrix; matrix is fine-grained material caused by tectonic grainsize reduction. Includes cohesive (cataclasite series) and non-cohesive (breccia-gouge series) material."
http://resource.geosciml.org/classifier/cgi/lithology/fine_grained_igneous_rock,"fine grained igneous rock","Igneous rock in which the framework of the rock consists of crystals that are too small to determine mineralogy with the unaided eye; framework may include up to 50 percent glass. A significant percentage of the rock by volume may be phenocrysts. Includes rocks that are generally called volcanic rocks."
http://resource.geosciml.org/classifier/cgi/lithology/foid_bearing_alkali_feldspar_syenite,"foid bearing alkali feldspar syenite","Alkali feldspar syenitic rock that contains 0-10 percent feldspathoid mineral and no quartz in the QAPF fraction. QAPF field 6'."
http://resource.geosciml.org/classifier/cgi/lithology/foid_bearing_alkali_feldspar_trachyte,"foid bearing alkali feldspar trachyte","Alkali feldspar trachytic rock that contains no quartz and between 0 and 10 percent feldspathoid mineral in the QAPF fraction. QAPF field 6'."
http://resource.geosciml.org/classifier/cgi/lithology/foid_bearing_anorthosite,"foid bearing anorthosite","Anorthositic rock that contains between 0 and 10 percent feldspathoid mineral and no quartz in the QAPF fraction. QAPF field 10'."
http://resource.geosciml.org/classifier/cgi/lithology/foid_bearing_diorite,"foid bearing diorite","Dioritic rock that contains between 0 and 10 percent feldspathoid minerals in the QAPF fraction. QAPF field 10'."
http://resource.geosciml.org/classifier/cgi/lithology/foid_bearing_gabbro,"foid bearing gabbro","Gabbroic rock that contains 0-10 percent feldspathoid minerals and no quartz in the QAPF fraction. QAPF field 10'."
http://resource.geosciml.org/classifier/cgi/lithology/foid_bearing_latite,"foid bearing latite","Latitic rock that contains no quartz and between 0 and 10 percent feldspathoid minerals in the QAPF fraction. QAPF field 8'."
http://resource.geosciml.org/classifier/cgi/lithology/foid_bearing_monzodiorite,"foid bearing monzodiorite","Monzodioritic rock that contains between 0 and 10 percent feldspathoid mineral."
http://resource.geosciml.org/classifier/cgi/lithology/foid_bearing_monzogabbro,"foid bearing monzogabbro","Monzogabbroic rock that contains 0 to 10 percent feldspathoid mineral in the QAPF fraction. QAPF field 9'."
http://resource.geosciml.org/classifier/cgi/lithology/foid_bearing_monzonite,"foid bearing monzonite","Monzonitic rock that contains 0-10 percent feldspathoid mineral and no quartz in the QAPF fraction. Includes rocks defined modally in QAPF Field 8'."
http://resource.geosciml.org/classifier/cgi/lithology/foid_bearing_syenite,"foid bearing syenite","Syenitic rock that contains between 0 and 10 percent feldspathoid mineral and no quartz in the QAPF fraction. Defined modally in QAPF Field 7'."
http://resource.geosciml.org/classifier/cgi/lithology/foid_bearing_trachyte,"foid bearing trachyte","Trachytic rock that contains between 0 and 10 percent feldspathoid in the QAPF fraction, and no quartz. QAPF field 7'."
http://resource.geosciml.org/classifier/cgi/lithology/foid_diorite,"foid diorite","Foid dioritoid in which the plagioclase to total feldspar ratio is greater than 0.9.  Includes rocks defined modally in QAPF field 14."
http://resource.geosciml.org/classifier/cgi/lithology/foid_dioritoid,"foid dioritoid","Phaneritic crystalline igneous rock in which M is less than 90, the plagioclase to total feldspar ratio is greater than 0.5,  feldspathoid minerals form 10-60 percent of the QAPF fraction,  plagioclase has anorthite content less than 50 percent. These rocks typically contain large amounts of mafic minerals. Includes rocks defined modally in QAPF fields 13 and 14."
http://resource.geosciml.org/classifier/cgi/lithology/foid_gabbro,"foid gabbro","Foid gabbroid that has a plagioclase to total feldspar ratio greater than 0.9. Includes rocks defined modally in QAPF field 14."
http://resource.geosciml.org/classifier/cgi/lithology/foid_gabbroid,"foid gabbroid","Phaneritic crystalline igneous rock in which M is less than 90, the plagioclase to total feldspar ratio is greater than 0.5,  feldspathoids form 10-60 percent of the QAPF fraction, and plagioclase has anorthite content greater than 50 percent. These rocks typically contain large amounts of mafic minerals. Includes rocks defined modally in QAPF fields 13 and 14."
http://resource.geosciml.org/classifier/cgi/lithology/foid_monzodiorite,"foid monzodiorite","Foid dioritoid in which the plagioclase to total feldspar ratio is between 0.1 and 0.9.  Includes rocks defined modally in QAPF field 13."
http://resource.geosciml.org/classifier/cgi/lithology/foid_monzogabbro,"foid monzogabbro","Foid gabbroid that has a plagioclase to total feldspar ratio between 0.5 and 0.9. Includes rocks defined modally in QAPF field 13."
http://resource.geosciml.org/classifier/cgi/lithology/foid_monzosyenite,"foid monzosyenite","Foid syenitoid rock that has a plagioclase to total feldspar ratio of between 0.1 and 0.5.  Includes rocks defined modally in QAPF Field 12."
http://resource.geosciml.org/classifier/cgi/lithology/foid_syenite,"foid syenite","Foid syenitoid that has a plagioclase to total feldspar ratio of less than 0.1. Includes rocks defined modally in QAPF field 11."
http://resource.geosciml.org/classifier/cgi/lithology/foid_syenitoid,"foid syenitoid","Phaneritic crystalline igneous rock with M less than 90, contains between 10 and 60 percent feldspathoid mineral in the QAPF fraction, and has a plagioclase to total feldspar ratio less than 0.5. Includes QAPF fields 11 and 12."
http://resource.geosciml.org/classifier/cgi/lithology/foidite,foidite,"Foiditoid that contains greater than 90 percent feldspathoid minerals in the QAPF fraction."
http://resource.geosciml.org/classifier/cgi/lithology/foiditoid,foiditoid,"Fine grained crystalline rock containing less than 90 percent mafic minerals and more than 60 percent feldspathoid minerals in the QAPF fraction. Includes rocks defined modally in QAPF field 15 or chemically in TAS field F."
http://resource.geosciml.org/classifier/cgi/lithology/foidolite,foidolite,"Phaneritic crystalline rock containing more than 60 percent feldspathoid minerals in the QAPF fraction. Includes rocks defined modally in QAPF field 15"
http://resource.geosciml.org/classifier/cgi/lithology/foliated_metamorphic_rock,"foliated metamorphic rock","Metamorphic rock in which 10 percent or more of the contained mineral grains are elements in a planar or linear fabric. Cataclastic or glassy character precludes classification with this concept."
http://resource.geosciml.org/classifier/cgi/lithology/fragmental_igneous_material,"fragmental igneous material","igneous_material of unspecified consolidation state in which greater than 75 percent of the rock consists of fragments produced as a result of igneous rock-forming process."
http://resource.geosciml.org/classifier/cgi/lithology/fragmental_igneous_rock,"fragmental igneous rock","Igneous rock in which greater than 75 percent of the rock consists of fragments produced as a result of igneous rock-forming process. Includes pyroclastic rocks, autobreccia associated with lava flows and intrusive breccias. Excludes deposits reworked by epiclastic processes (see Tuffite)"
http://resource.geosciml.org/classifier/cgi/lithology/framestone,framestone,"Carbonate reef rock consisting of a rigid framework of colonies, shells or skeletons, with internal cavities filled with fine sediment; usually created through the activities of colonial organisms."
http://resource.geosciml.org/classifier/cgi/lithology/gabbro,gabbro,"Gabbroic rock that contains between 0 and 5 percent quartz and no feldspathoid mineral in the QAPF fraction.  Includes rocks defined modally in QAPF Field 10 as gabbro."
http://resource.geosciml.org/classifier/cgi/lithology/gabbroic_rock,"gabbroic rock","Gabbroid that has a plagioclase to total feldspar ratio greater than 0.9 in the QAPF fraction.  Includes QAPF fields 10*, 10, and 10'. This category includes the various categories defined in LeMaitre et al. (2002) based on the mafic mineralogy, but apparently not subdivided based on the quartz/feldspathoid content."
http://resource.geosciml.org/classifier/cgi/lithology/gabbroid,gabbroid,"Phaneritic crystalline igneous rock that contains less than 90 percent mafic minerals, and up to 20 percent quartz or up to 10 percent feldspathoid in the QAPF fraction. The ratio of plagioclase to total feldspar is greater than 0.65, and anorthite content of the plagioclase is greater than 50 percent. Includes rocks defined modally in QAPF fields 9 and 10 and their subdivisions."
http://resource.geosciml.org/classifier/cgi/lithology/generic_conglomerate,"generic conglomerate","Sedimentary rock composed of at least 30 percent rounded to subangular fragments larger than 2 mm in diameter; typically contains finer grained material in interstices between larger fragments. If more than 15 percent of the fine grained matrix is of indeterminant clastic or diagenetic origin and the fabric is matrix supported, may also be categorized as wackestone. If rock has unsorted or poorly sorted texture with a wide range of particle sizes, may also be categorized as diamictite."
http://resource.geosciml.org/classifier/cgi/lithology/generic_mudstone,"generic mudstone","Sedimentary rock consisting of less than 30 percent gravel-size (2 mm) particles and with a mud to sand ratio greater than 1. Clasts may be of any composition or origin."
http://resource.geosciml.org/classifier/cgi/lithology/generic_sandstone,"generic sandstone","Sedimentary rock in which less than 30 percent of particles are greater than 2 mm in diameter (gravel) and the sand to mud ratio is at least 1."
http://resource.geosciml.org/classifier/cgi/lithology/glass_rich_igneous_rock,"glass rich igneous rock","Igneous rock that contains greater than 50 percent massive glass."
http://resource.geosciml.org/classifier/cgi/lithology/glassy_igneous_rock,"glassy igneous rock","Igneous rock that consists of greater than 80 percent massive glass."
http://resource.geosciml.org/classifier/cgi/lithology/glaucophane_lawsonite_epidote_metamorphic_rock,Glaukophanschiefer,"A metamorphic rock of roughly basaltic composition, defined by the presence of glaucophane with lawsonite or epidote. Other minerals that may be present include jadeite, albite, chlorite, garnet, and muscovite (phengitic white mica). Typically fine-grained, dark colored. Category for rocks commonly referred to as blueschist."
http://resource.geosciml.org/classifier/cgi/lithology/gneiss,gneiss,"Foliated metamorphic rock with bands or lenticles rich in granular minerals alternating with bands or lenticles rich in minerals with a flaky or elongate prismatic habit. Mylonitic foliation or well developed, continuous schistosity (greater than 50 percent of the rock consists of grains participate in a planar or linear fabric) precludes classification with this concept."
http://resource.geosciml.org/classifier/cgi/lithology/grainstone,grainstone,"Carbonate sedimentary rock with recognizable depositional fabric that is grain-supported, and constituent particles are of intrabasinal origin; contains little or no mud matrix. Distinction from sandstone is based on interpretation of intrabasinal origin of clasts and grain-supported fabric, but grainstone definition does not include a grain size criteria."
http://resource.geosciml.org/classifier/cgi/lithology/granite,granite,"Phaneritic crystalline rock consisting of quartz, alkali feldspar and plagioclase (typically sodic) in variable amounts, usually with biotite and/or hornblende. Includes rocks defined modally in QAPF Field 3."
http://resource.geosciml.org/classifier/cgi/lithology/granitoid,granitoid,"Phaneritic crystalline igneous rock consisting of quartz, alkali feldspar and/or plagioclase. Includes rocks defined modally in QAPF fields 2, 3, 4 and 5 as alkali feldspar granite, granite, granodiorite or tonalite."
http://resource.geosciml.org/classifier/cgi/lithology/granodiorite,granodiorite,"Phaneritic crystalline rock consisting essentially of quartz, sodic plagioclase and lesser amounts of alkali feldspar with minor hornblende and biotite. Includes rocks defined modally in QAPF field 4."
http://resource.geosciml.org/classifier/cgi/lithology/granofels,granofels,"Metamorphic rock with granoblastic fabric and very little or no foliation (less than 10 percent of the mineral grains in the rock are elements in a planar or linear fabric). Grainsize not specified."
http://resource.geosciml.org/classifier/cgi/lithology/granulite,granulite,"Metamorphic rock of high metamorphic grade in which Fe-Mg silicate minerals are dominantly hydroxl-free; feldspar must be present, and muscovite is absent; rock contains less than 90 percent mafic minerals,  less than 75 percent calcite and/or dolomite, less than 75 percent quartz, less than 50 percent iron-bearing minerals (hematite, magnetite, limonite-group, siderite, iron-sulfides), and less than 50 percent calc-silicate minerals."
http://resource.geosciml.org/classifier/cgi/lithology/gravel,gravel,"Clastic sediment containing greater than 30 percent gravel-size particles (greater than 2.0 mm diameter). Gravel in which more than half of the particles are of epiclastic origin"
http://resource.geosciml.org/classifier/cgi/lithology/gravel_size_sediment,"gravel size sediment","Sediment containing greater than 30 percent gravel-size particles (greater than 2.0 mm diameter). composition or gensis of clasts not specified."
http://resource.geosciml.org/classifier/cgi/lithology/high_magnesium_fine_grained_igneous_rocks,"high magnesium fine grained igneous rock","fine-grained igneous rock that contains unusually high concentration of MgO. For rocks that contain greater than 52 percent silica, MgO must be greater than 8 percent. For rocks containing less than 52 percent silica, MgO must be greater than 12 percent."
http://resource.geosciml.org/classifier/cgi/lithology/hornblendite,hornblendite,"Ultramafic rock that consists of greater than 40 percent hornblende plus pyroxene and has a hornblende to pyroxene ratio greater than 1. Includes olivine hornblendite, olivine-pyroxene hornblendite, pyroxene hornblendite, and hornblendite."
http://resource.geosciml.org/classifier/cgi/lithology/hornfels,hornfels,"Granofels formed by contact metamorphism, composed of a mosaic of equidimensional grains in a characteristically granoblastic or decussate matrix; porphyroblasts or relict phenocrysts may be present. Typically fine grained."
http://resource.geosciml.org/classifier/cgi/lithology/hybrid_sediment,"hybrid sediment","Sediment that does not fit any of the other sediment composition/genesis categories. Sediment consisting of three or more components which form more than 5 percent but less than 50 precent  of the material."
http://resource.geosciml.org/classifier/cgi/lithology/hybrid_sedimentary_rock,"hybrid sedimentary rock","Sedimentary rock that does not fit any of the other  composition/genesis categories. Sedimentary rock consisting of three or more components which form more than 5 percent but less than 50 precent  of the material."
http://resource.geosciml.org/classifier/cgi/lithology/igneous_material,"igneous material","Earth material formed as a result of igneous processes, eg. intrusion and cooling of magma in the crust, volcanic eruption."
http://resource.geosciml.org/classifier/cgi/lithology/igneous_rock,"igneous rock","rock formed as a result of igneous processes, for example intrusion and cooling of magma in the crust, or volcanic eruption."
http://resource.geosciml.org/classifier/cgi/lithology/impact_generated_material,"impact generated material","Material that contains features indicative of shock metamorphism, such as microscopic planar deformation features within grains or shatter cones, interpreted to be the result of extraterrestrial bolide impact. Includes breccias and melt rocks."
http://resource.geosciml.org/classifier/cgi/lithology/impure_calcareous_carbonate_sediment,"impure calcareous carbonate sediment","Carbonate sediment in which between 50 and 90 percent of the constituents are composed of one (or more) of the carbonate minerals in particles of intrabasinal origin, and a calcite (plus aragonite) to dolomite ratio greater than 1 to 1."
http://resource.geosciml.org/classifier/cgi/lithology/impure_carbonate_sediment,"impure carbonate sediment","Carbonate sediment in which between 50 and 90 percent of the constituents are composed of one (or more) of the carbonate minerals in particles of intrabasinal origin."
http://resource.geosciml.org/classifier/cgi/lithology/impure_carbonate_sedimentary_rock,"impure carbonate sedimentary rock","Sedimentary rock in which between 50 and 90 percent of the primary and/or recrystallized constituents are composed of carbonate minerals."
http://resource.geosciml.org/classifier/cgi/lithology/impure_dolomitic_sediment,"impure dolomitic sediment","Carbonate sediment in which between 50 and 90 percent of the constituents are composed of one (or more) of the carbonate minerals in particles of intrabasinal origin, and the ratio of magnesium carbonate to calcite (plus aragonite) greater than 1 to 1."
http://resource.geosciml.org/classifier/cgi/lithology/impure_dolostone,"impure dolomite","Impure carbonate sedimentary rock with a ratio of magnesium carbonate to calcite (plus aragonite) greater than 1 to 1."
http://resource.geosciml.org/classifier/cgi/lithology/impure_limestone,"impure limestone","Impure carbonate sedimentary rock with a calcite (plus aragonite) to dolomite ratio greater than 1 to 1."
http://resource.geosciml.org/classifier/cgi/lithology/intermediate_composition_igneous_material,"intermediate composition igneous material","Igneous material with between 52 and 63 percent SiO2."
http://resource.geosciml.org/classifier/cgi/lithology/intermediate_composition_igneous_rock,"intermediate composition igneous rock","Igneous rock with between 52 and 63 percent SiO2."
http://resource.geosciml.org/classifier/cgi/lithology/iron_rich_sediment,"iron rich sediment","Sediment that consists of at least 50 percent iron-bearing minerals (hematite, magnetite, limonite-group, siderite, iron-sulfides), as determined by hand-lens or petrographic analysis. Corresponds to a rock typically containing 15 percent iron by weight."
http://resource.geosciml.org/classifier/cgi/lithology/iron_rich_sedimentary_material,"iron rich sedimentary material","Sedimentary material of unspecified consolidation state that consists of at least 50 percent iron-bearing minerals (hematite, magnetite, limonite-group, siderite, iron-sulfides), as determined by hand-lens or petrographic analysis. Corresponds to a rock typically containing 15 percent iron by weight."
http://resource.geosciml.org/classifier/cgi/lithology/iron_rich_sedimentary_rock,"iron rich sedimentary rock","Sedimentary rock that consists of at least 50 percent iron-bearing minerals (hematite, magnetite, limonite-group, siderite, iron-sulfides), as determined by hand-lens or petrographic analysis. Corresponds to a rock typically containing 15 percent iron by weight."
http://resource.geosciml.org/classifier/cgi/lithology/kalsilitic_and_melilitic_rock,"kalsilitic and melilitic rocks","Igneous rock containing greater than 10 percent melilite or kalsilite. Typically undersaturated, ultrapotassic (kalsilitic rocks) or calcium-rich (melilitic rocks) mafic or ultramafic rocks."
http://resource.geosciml.org/classifier/cgi/lithology/komatiitic_rock,"komatiitic rock","Ultramafic, magnesium-rich volcanic rock, typically with spinifex texture of intergrown skeletal and bladed olivine and pyroxene crystals set in abundant glass. Includes komatiite and meimechite."
http://resource.geosciml.org/classifier/cgi/lithology/latite,latite,"Latitic rock that contains between 0 and 5 percent quartz and no feldspathoid in the QAPF fraction. QAPF field 8."
http://resource.geosciml.org/classifier/cgi/lithology/latitic_rock,"latitic rock","Trachytoid that has a plagioclase to total feldspar ratio between 0.35 and 0.65. QAPF fields 8, 8' and 8*."
http://resource.geosciml.org/classifier/cgi/lithology/lignite,lignite,"Coal that has a gross calorific value less than 24 MJ/kg (determined in conformance with ISO 1928), and vitrinite mean random reflectance less than 0.6% (determined in conformance with ISO 7404-5). Gross calorific value is recalculated to a moist, ash free basis using bed moisture (determined according to ISO 1015 or ISO 5068). Includes all low-rank coals, including sub-bitiminous coal. A consolidated, dull, soft brown to black coal having many readily discernible plant fragments set in a finer grained organic matrix. Tends to crack and fall apart on drying. Operationally sub-bituminous and bitiminous coal are qualitatively distinguished based on brown streak for sub-bitiminous coal and black streak for bituminous coal."
http://resource.geosciml.org/classifier/cgi/lithology/limestone,limestone,"Pure carbonate sedimentary rock with a calcite (plus aragonite) to dolomite ratio greater than 1 to 1.  Includes limestone and dolomitic limestone."
http://resource.geosciml.org/classifier/cgi/lithology/marble,marble,"Metamorphic rock consisting of greater than 75 percent fine- to coarse-grained recrystallized calcite and/or dolomite; usually with a granoblastic, saccharoidal texture."
http://resource.geosciml.org/classifier/cgi/lithology/material_formed_in_surficial_environment,"material formed in surficial environment","Material that is the product of weathering processes operating on pre-existing rocks or deposits, analogous to hydrothermal or metasomatic rocks, but formed at ambient Earth surface temperature and pressure."
http://resource.geosciml.org/classifier/cgi/lithology/metamorphic_rock,"metamorphic rock","Rock formed by solid-state mineralogical, chemical and/or structural changes to a pre-existing rock, in response to marked changes in temperature, pressure, shearing stress and chemical environment."
http://resource.geosciml.org/classifier/cgi/lithology/metasomatic_rock,"metasomatic rock","Rock that has fabric and composition indicating open-system mineralogical and chemical changes in response to interaction with a fluid phase, typically water rich."
http://resource.geosciml.org/classifier/cgi/lithology/mica_schist,"mica schist","A schist that consists of more than 50 percent mica minerals, typically muscovite or biotite. Special type included to distinguish this common variety of schist."
http://resource.geosciml.org/classifier/cgi/lithology/migmatite,migmatite,"Silicate metamorphic rock that is pervasively heterogeneous on a decimeter to meter scale that typically consists of darker and lighter parts; the darker parts usually exhibit features of metamorphic rocks whereas the lighter parts are of igneous-looking appearance."
http://resource.geosciml.org/classifier/cgi/lithology/monzodiorite,monzodiorite,"Phaneritic crystalline igneous rock consisting of sodic plagioclase (An0 to An50), alkali feldspar, hornblende and biotite, with or without pyroxene, and  0 to 5 percent quartz. Includes rocks defined modally in QAPF field 9."
http://resource.geosciml.org/classifier/cgi/lithology/monzodioritic_rock,"monzodioritic rock","Phaneritic crystalline igneous rock consisting of sodic plagioclase (An0 to An50), alkali feldspar, hornblende and biotite, with or without pyroxene, and 0 to 10 percent feldspathoid or 0 to 20 percent quartz in the QAPF fraction. Plagioclase to total feldspar ratio in the QAPF fraction is between 0.65 and 0.9.  Includes rocks defined modally in QAPF field 9, 9' and 9* as monzodiorite, foid-beaing  monzodiorite, and quartz monzodiorite."
http://resource.geosciml.org/classifier/cgi/lithology/monzogabbro,monzogabbro,"Monzogabbroic rock that contains between 0 an 5 percent quartz and no feldspathoid mineral in the QAPF fraction.  Includes rocks defined modally in QAPF field 9 ."
http://resource.geosciml.org/classifier/cgi/lithology/monzogabbroic_rock,"monzogabbroic rock","Gabbroid with a plagioclase to total feldspar ratio between 0.65 and 0.9. QAPF field 9, 9 prime and 9 asterisk"
http://resource.geosciml.org/classifier/cgi/lithology/monzogranite,monzogranite,"Granite that has a plagiolcase to total feldspar ratio between 0.35 and 0.65. QAPF field 3b."
http://resource.geosciml.org/classifier/cgi/lithology/monzonite,monzonite,"Monzonitic rock that contains 0-5 percent quartz and no feldspathoid mineral in the QAPF fraction. Includes rocks defined modally in QAPF Field 8."
http://resource.geosciml.org/classifier/cgi/lithology/monzonitic_rock,"monzonitic rock","Syenitoid with a plagioclase to total feldspar ratio between 0.35 and 0.65. Includes rocks in QAPF fields 8, 8*, and 8'."
http://resource.geosciml.org/classifier/cgi/lithology/mud,mud,"Clastic sediment consisting of less than 30 percent gravel-size (2 mm) particles and with a mud-size to sand-size particle ratio greater than 1. More than half of the particles are of epiclastic origin."
http://resource.geosciml.org/classifier/cgi/lithology/mud_size_sediment,"mud size sediment","Sediment consisting of less than 30 percent gravel-size (2 mm) particles and with a mud-size to sand-size particle ratio greater than 1. Clasts may be of any composition or origin."
http://resource.geosciml.org/classifier/cgi/lithology/mylonitic_rock,"mylonitic rock","Metamorphic rock characterised by a foliation resulting from tectonic grain size reduction, in which more than 10 percent of the rock volume has undergone grain size reduction. Includes protomylonite, mylonite, ultramylonite, and blastomylonite."
http://resource.geosciml.org/classifier/cgi/lithology/natural_unconsolidated_material,"natural unconsolidated material","Unconsolidated material known to have natural, ie. not human-made, origin."
http://resource.geosciml.org/classifier/cgi/lithology/non_clastic_siliceous_sediment,"non clastic siliceous sediment","Sediment that consists of at least 50 percent silicate mineral material, deposited directly by chemical or biological processes at the depositional surface, or in particles formed by chemical or biological processes within the basin of deposition."
http://resource.geosciml.org/classifier/cgi/lithology/non_clastic_siliceous_sedimentary_material,"non clastic siliceous sedimentary material","Sedimentary material that consists of at least 50 percent silicate mineral material, deposited directly by chemical or biological processes at the depositional surface, or in particles formed by chemical or biological processes within the basin of deposition."
http://resource.geosciml.org/classifier/cgi/lithology/non_clastic_siliceous_sedimentary_rock,"non clastic siliceous sedimentary rock","Sedimentary rock that consists of at least 50 percent silicate mineral material, deposited directly by chemical or biological processes at the depositional surface, or in particles formed by chemical or biological processes within the basin of deposition."
http://resource.geosciml.org/classifier/cgi/lithology/ooze,ooze,"Biogenic sediment consisting of less than 1 percent gravel-size (greater than or equal to 2 mm) particles, with a sand to mud ratio less than 1 to 9, and less than 50 percent carbonate minerals."
http://resource.geosciml.org/classifier/cgi/lithology/organic_bearing_mudstone,"organic bearing mudstone","Mudstone that contains a significant amount of organic carbon, typically kerogen. commonly finely laminated, brown or black in color."
http://resource.geosciml.org/classifier/cgi/lithology/organic_rich_sediment,"organic rich sediment","Sediment with color, composition, texture and apparent density indicating greater than 50 percent organic content by weight on a moisture-free basis."
http://resource.geosciml.org/classifier/cgi/lithology/organic_rich_sedimentary_material,"organic rich sedimentary material","Sedimentary material in which 50 percent or more of the primary sedimentary material is organic carbon."
http://resource.geosciml.org/classifier/cgi/lithology/organic_rich_sedimentary_rock,"organic rich sedimentary rock","Sedimentary rock with color, composition, texture and apparent density indicating greater than 50 percent organic content by weight on a moisture-free basis."
http://resource.geosciml.org/classifier/cgi/lithology/orthogneiss,orthogneiss,"A gneiss with mineralogy and texture indicating derivation from a phaneritic igneous rock protolith.  Typically consists of abundant feldspar, with quartz, and variable hornblende, biotite, and muscovite, with a relatively homogeneous character."
http://resource.geosciml.org/classifier/cgi/lithology/packstone,packstone,"Carbonate sedimentary rock with discernible grain supported depositional texture, containing greater than 10 percent grains, and constituent particles are of intrabasinal origin; intergranular spaces are filled by matrix."
http://resource.geosciml.org/classifier/cgi/lithology/paragneiss,paragneiss,"A gneiss with mineralogy and texture indicating derivation from a sedimentary rock protolith. Typically consists of abundant quartz, mica, or calcsilicate minerals; aluminosilicate minerals or garnet commonly present. composition of rock tends to be more variable on a decimetric scale that in orthogneiss."
http://resource.geosciml.org/classifier/cgi/lithology/peat,peat,"Unconsolidated organic-rich sediment composed of at least 50 percent semi-carbonised plant remains; individual remains commonly seen with unaided eye; yellowish brown to brownish black; generally fibrous texture; can be plastic or friable. In its natural state it can be readily cut and has a very high moisture content, generally greater than 90 percent. Liptinite to Inertinite ratio is less than one (Economic commission for Europe, committee on Sustainable Energy- United Nations (ECE-UN), 1998, International Classification of in-Seam Coals: Energy 19, 41 pp.)"
http://resource.geosciml.org/classifier/cgi/lithology/pebble_gravel_size_sediment,"pebble gravel size sediment","Sediment containing greater than 30 percent pebble-size particles (2.0 -64 mm in diameter)"
http://resource.geosciml.org/classifier/cgi/lithology/pegmatite,pegmatite,"Exceptionally coarse grained crystalline rock with interlocking crystals; most grains are 1cm or more diameter; composition is generally that of granite, but the term may refer to the coarse grained facies of any type of igneous rock;usually found as irregular dikes, lenses, or veins associated with plutons or batholiths."
http://resource.geosciml.org/classifier/cgi/lithology/peridotite,peridotite,"Ultramafic rock consisting of more than 40 percent (by volume) olivine with pyroxene and/or amphibole and little or no feldspar. commonly altered to serpentinite. Includes rocks defined modally in the ultramafic rock classification as dunite, harzburgite, lherzolite, wehrlite, olivinite, pyroxene peridotite, pyroxene hornblende peridotite or hornblende peridotite."
http://resource.geosciml.org/classifier/cgi/lithology/phaneritic_igneous_rock,"phaneritic igneous rock","Igneous rock in which the framework of the rock consists of individual crystals that can be discerned with the unaided eye. Bounding grain size is on the order of 32 to 100 microns. Igneous rocks with 'exotic' composition are excluded from this concept."
http://resource.geosciml.org/classifier/cgi/lithology/phonolilte,phonolite,"Phonolitoid in which the plagioclase to total feldspar ratio is less than 0.1. Rock consists of alkali feldspar, feldspathoid minerals, and mafic minerals."
http://resource.geosciml.org/classifier/cgi/lithology/phonolitic_basanite,"phonolitic basanite","Tephritoid that has a plagioclase to total feldspar ratio between 0.5 and  0.9, and contains more than 10 percent normative (CIPW) olivine."
http://resource.geosciml.org/classifier/cgi/lithology/phonolitic_foidite,"phonolitic foidite","Foiditoid that contains less than 90 percent feldspathoid minerals in the QAPF fraction, and has a  plagioclase to total feldspar ratio that is less than 0.5"
http://resource.geosciml.org/classifier/cgi/lithology/phonolitic_tephrite,"phonolitic tephrite","Tephritoid that has a plagioclase to total feldspar ratio between 0.5 and 0.9, and contains less than 10 percent normative (CIPW) olivine."
http://resource.geosciml.org/classifier/cgi/lithology/phonolitoid,phonolitoid,"Fine grained igneous rock than contains less than 90 percent mafic minerals, between 10 and 60 percent feldspathoid mineral in the QAPF fraction and has a plagioclase to total feldspar ratio less than 0.5. Includes rocks defined modally in QAPF fields 11 and 12, and TAS field Ph."
http://resource.geosciml.org/classifier/cgi/lithology/phosphate_rich_sediment,"phosphate rich sediment","Sediment in which at least 50 percent of the primary and/or recrystallized constituents are phosphate minerals."
http://resource.geosciml.org/classifier/cgi/lithology/phosphate_rich_sedimentary_material,"phosphate rich sedimentary material","Sedimentary material in which at least 50 percent of the primary and/or recrystallized constituents are phosphate minerals."
http://resource.geosciml.org/classifier/cgi/lithology/phosphorite,phosphorite,"Sedimentary rock in which at least 50 percent of the primary or recrystallized constituents are phosphate minerals. Most commonly occurs as a bedded primary or reworked secondary marine rock, composed of microcrystalline carbonate fluorapatite in the form of lamina, pellets, oolites and nodules, and skeletal, shell and bone fragments."
http://resource.geosciml.org/classifier/cgi/lithology/phyllite,phyllite,"Rock with a well developed, continuous schistosity, an average grain size between 0.1 and 0.5 millimeters, and a silvery sheen on cleavage surfaces. Individual phyllosilicate grains are barely visible with the unaided eye."
http://resource.geosciml.org/classifier/cgi/lithology/phyllonite,phyllonite,"Mylonitic rock composed largely of fine-grained mica that imparts a sheen to foliation surfaces; may have flaser lamination, isoclinal folding, and deformed veins, which indicate significant shearing. Macroscopically resembles phyllite, but formed by mechanical degradation of initially coarser rock."
http://resource.geosciml.org/classifier/cgi/lithology/porphyry,porphyry,"Igneous rock that contains conspicuous phenocrysts in a finer grained groundmass; groundmass itself may be phaneritic or fine-grained."
http://resource.geosciml.org/classifier/cgi/lithology/pure_calcareous_carbonate_sediment,"pure calcareous carbonate sediment","Carbonate sediment in which greater than 90 percent of the  constituents are composed of one (or more) of the carbonate minerals in particles of intrabasinal origin, and a calcite (plus aragonite) to dolomite ratio greater than 1 to 1."
http://resource.geosciml.org/classifier/cgi/lithology/pure_carbonate_mudstone,"pure carbonate mudstone","Mudstone that consists of greater than 90 percent carbonate minerals of intrabasinal orign in the mud fraction, and contains less than 10 percent allochems.  The original depositional texture is preserved and fabric is matrix supported. Carbonate mudstone of Dunham (1962)"
http://resource.geosciml.org/classifier/cgi/lithology/pure_carbonate_sediment,"pure carbonate sediment","Carbonate sediment in which greater than 90 percent of the  constituents are composed of one (or more) of the carbonate minerals in particles of intrabasinal origin."
http://resource.geosciml.org/classifier/cgi/lithology/pure_carbonate_sedimentary_rock,"pure carbonate sedimentary rock","Sedimentary rock in which greater than 90 percent of the primary and/or recrystallized constituents are carbonate minerals."
http://resource.geosciml.org/classifier/cgi/lithology/pure_dolomitic_sediment,"pure dolomitic sediment","Carbonate sediment in which greater than 90 percent of the  constituents are composed of one (or more) of the carbonate minerals in particles of intrabasinal origin, and a ratio of magnesium carbonate to calcite (plus aragonite) greater than 1 to 1."
http://resource.geosciml.org/classifier/cgi/lithology/pyroclastic_material,"pyroclastic material","Fragmental igneous material that consists of more than 75 percent of particles formed by disruption as a direct result of volcanic action."
http://resource.geosciml.org/classifier/cgi/lithology/pyroclastic_rock,"pyroclastic rock","Fragmental igneous rock that consists of greater than 75 percent fragments produced as a direct result of eruption or extrusion of magma from within the earth onto its surface. Includes autobreccia associated with lava flows and excludes deposits reworked by epiclastic processes."
http://resource.geosciml.org/classifier/cgi/lithology/pyroxenite,pyroxenite,"Ultramafic phaneritic igneous rock composed almost entirely of one or more pyroxenes and occasionally biotite, hornblende and olivine. Includes rocks defined modally in the ultramafic rock classification as olivine pyroxenite, olivine-hornblende pyroxenite, pyroxenite, orthopyroxenite, clinopyroxenite and websterite."
http://resource.geosciml.org/classifier/cgi/lithology/quartz_alkali_feldspar_syenite,"quartz alkali feldspar syenite","Alkali feldspar syenitic rock that contains 5 to 20 percent quartz and no feldspathoid in the QAPF fraction. QAPF field 6*."
http://resource.geosciml.org/classifier/cgi/lithology/quartz_alkali_feldspar_trachyte,"quartz alkali feldspar trachyte","Alkali feldspar trachytic rock that contains and between 5 and 20 percent quartz  mineral in the QAPF fraction. QAPF field 6*."
http://resource.geosciml.org/classifier/cgi/lithology/quartz_anorthosite,"quartz anorthosite","Anorthositic rock that contains between 5 and 20 percent quartz in the QAPF fraction. QAPF field 10*."
http://resource.geosciml.org/classifier/cgi/lithology/quartz_diorite,"quartz diorite","Dioritic rock that contains between 5 to 20 percent quartz in the QAPF fraction. QAPF field 10*."
http://resource.geosciml.org/classifier/cgi/lithology/quartz_gabbro,"quartz gabbro","Gabbroic rock that contains between 5 and 20 percent quartz in the QAPF fraction. QAPF field 10*."
http://resource.geosciml.org/classifier/cgi/lithology/quartz_latite,"quartz latite","Latitic rock that contains between 5 and 20 percent quartz in the QAPF fraction. QAPF field 8*."
http://resource.geosciml.org/classifier/cgi/lithology/quartz_monzodiorite,"quartz monzodiorite","Monzodioritic rock that contains between 5 and 20 percent quartz."
http://resource.geosciml.org/classifier/cgi/lithology/quartz_monzogabbro,"quartz monzogabbro","Monzogabbroic rock that contains between 5 and 20 percent quartz in the QAPF fraction. QAPF field 9*."
http://resource.geosciml.org/classifier/cgi/lithology/quartz_monzonite,"quartz monzonite","Monzonitic rock that contains 5-20 percent quartz iin the QAPF fraction. Includes rocks defined modally in QAPF Field 8*."
http://resource.geosciml.org/classifier/cgi/lithology/quartz_rich_igneous_rock,"quartz rich igneous rock","Phaneritic crystalline igneous rock that contains less than 90 percent mafic minerals and contains greater than 60 percent quartz in the QAPF fraction."
http://resource.geosciml.org/classifier/cgi/lithology/quartz_syenite,"quartz syenite","Syenitic rock that contains between 5 and 20 percent quartz in the QAPF fraction. Defined modally in QAPF Field 7*."
http://resource.geosciml.org/classifier/cgi/lithology/quartz_trachyte,"quartz trachyte","Trachytic rock that contains between 5 and 20 percent quartz in the QAPF fraction. QAPF field 7*."
http://resource.geosciml.org/classifier/cgi/lithology/quartzite,quartzite,"Metamorphic rock consisting of greater than or equal to 75 percent quartz; typically granoblastic texture."
http://resource.geosciml.org/classifier/cgi/lithology/residual_material,"residual material","Material of composite origin resulting from weathering processes at the Earth's surface, with genesis dominated by removal of chemical constituents by aqueous leaching. Miinor clastic, chemical, or organic input may also contribute. Consolidation state is not inherent in definition, but typically material is unconsolidated or weakly consolidated."
http://resource.geosciml.org/classifier/cgi/lithology/rhyolite,rhyolite,"rhyolitoid in which the ratio of plagioclase to total feldspar is between 0.1 and 0.65."
http://resource.geosciml.org/classifier/cgi/lithology/rhyolitoid,rhyolitoid,"fine_grained_igneous_rock consisting of quartz and alkali feldspar, with minor plagioclase and biotite, in a microcrystalline, cryptocrystalline or glassy groundmass. Flow texture is common. Includes rocks defined modally in QAPF fields 2 and 3 or chemically in TAS Field R as rhyolite. QAPF normative definition is based on modal mineralogy thus: less than 90 percent mafic minerals, between 20 and 60 percent quartz in the QAPF fraction, and ratio of plagioclse to total feldspar is less than 0.65."
http://resource.geosciml.org/classifier/cgi/lithology/rock,rock,"Consolidated aggregate of one or more EarthMaterials, or a body of undifferentiated mineral matter, or of solid organic material. Includes mineral aggregates such as granite, shale, marble; glassy matter such as obsidian; and organic material such a coal. Excludes unconsolidated materials."
http://resource.geosciml.org/classifier/cgi/lithology/rock_gypsum_or_anhydrite,"gypsum or anhydrite","Evaporite composed of at least 50 percent gypsum or anhydrite."
http://resource.geosciml.org/classifier/cgi/lithology/rock_salt,"rock salt","Evaporite composed of at least 50 percent halite."
http://resource.geosciml.org/classifier/cgi/lithology/sand,sand,"Clastic sediment in which less than 30 percent of particles are gravel (greater than 2 mm in diameter) and the sand to mud ratio is at least 1. More than half of the particles are of epiclastic origin."
http://resource.geosciml.org/classifier/cgi/lithology/sand_size_sediment,"sand size sediment","Sediment in which less than 30 percent of particles are gravel (greater than 2 mm in diameter) and the sand to mud ratio is at least 1. composition or genesis of clasts not specified."
http://resource.geosciml.org/classifier/cgi/lithology/sapropel,sapropel,"Jelly like organic rich sediment composed of plant remains, usually algal. Liptinite to Inertinite ratio is greater than one (Economic commission for Europe, committee on Sustainable Energy- United Nations (ECE-UN), 1998, International Classification of in-Seam Coals: Energy 19, 41 pp.)"
http://resource.geosciml.org/classifier/cgi/lithology/schist,schist,"Foliated phaneritic metamorphic rock with well developed, continuous schistosity, meaning that greater than 50 percent of the rock by volume is mineral grains with a thin tabular, lamellar, or acicular prismatic crystallographic habit that are oriented in a continuous planar or linear fabric."
http://resource.geosciml.org/classifier/cgi/lithology/sediment,sediment,"Unconsolidated material consisting of an aggregation of particles transported or deposited by air, water or ice, or that accumulated by other natural agents, such as chemical precipitation, and that forms in layers on the Earth's surface. Includes epiclastic deposits."
http://resource.geosciml.org/classifier/cgi/lithology/sedimentary_material,"sedimentary material","Material formed by accumulation of solid fragmental material deposited by air, water or ice, or material that accumulated by other natural agents such as chemical precipitation from solution or secretion by organisms. Includes both sediment and sedimentary rock. Includes epiclastic deposits.  All stated composition criteria are based on the mineral/ compound material (GeoSciML term)/particulate fraction of the material, irrespective of porosity or the pore-fluid. No distinctions are made based on porosity or pore fluid composition (except organic rich sediment in which liquid hydrocarbon content may be considered)."
http://resource.geosciml.org/classifier/cgi/lithology/sedimentary_rock,"sedimentary rock","Rock formed by accumulation and cementation of solid fragmental material deposited by air, water or ice, or as a result of other natural agents, such as precipitation from solution, the accumulation of organic material, or from biogenic processes, including secretion by organisms. Includes epiclastic deposits."
http://resource.geosciml.org/classifier/cgi/lithology/serpentinite,serpentinite,"Rock consisting of more than 75 percent serpentine-group minerals, eg. antigorite, chrysotile or lizardite; accessory chlorite, talc and magnetite may be present; derived from hydration of ferromagnesian silicate minerals such as olivine and pyroxene."
http://resource.geosciml.org/classifier/cgi/lithology/shale,shale,"Laminated mudstone that will part or break along thin, closely spaced layers parallel to stratification."
http://resource.geosciml.org/classifier/cgi/lithology/silicate_mud,"silicate mud","Mud size sediment that consists of less than 50 percent carbonate minerals."
http://resource.geosciml.org/classifier/cgi/lithology/silicate_mudstone,"silicate mudstone","Mudstone that contains less than 10 percent carbonate minerals."
http://resource.geosciml.org/classifier/cgi/lithology/siliceous_ooze,"siliceous ooze","ooze that consists of more than 50 percent siliceous skeletal remains"
http://resource.geosciml.org/classifier/cgi/lithology/silt,silt,"Mud that consists of greater than 50 percent silt-size grains."
http://resource.geosciml.org/classifier/cgi/lithology/siltstone,siltstone,"Mudstone that contains detectable silt. (see comments)"
http://resource.geosciml.org/classifier/cgi/lithology/skarn,skarn,"Metasomatic rock consisting mainly of Ca-, Mg-, Fe-, or Mn-silicate minerals, which are free from or poor in water. Typically formed at the contact between a silicate rock or magma and a carbonate rock."
http://resource.geosciml.org/classifier/cgi/lithology/slate,slate,"compact, fine grained rock with an average grain size less than 0.032 millimeter and a well developed schistosity (slaty cleavage), and hence can be split into slabs or thin plates."
http://resource.geosciml.org/classifier/cgi/lithology/spilite,spilite,"Altered basic to intermediate composition fine-grained igneous rock in which the feldspar is partially or completely composed of of albite, typically accompanied by chlorite, calcite, quartz, epidote, prehnite, and low-tempaerature hydrous crystallization products. Preservation of eruptive volcanic features is typical."
http://resource.geosciml.org/classifier/cgi/lithology/syenite,syenite,"Syenitic rock that contains between 0 and 5 percent quartz and no feldspathoid mineral in the QAPF fraction. Defined modally in QAPF Field 7."
http://resource.geosciml.org/classifier/cgi/lithology/syenitic_rock,"syenitic rock","Syenitoid with a plagioclase to total feldspar ratio between 0.1 and 0.35.  Includes rocks in QAPF fields 7, 7*, and 7'."
http://resource.geosciml.org/classifier/cgi/lithology/syenitoid,syenitoid,"Phaneritic crystalline igneous rock with M less than 90, consisting mainly of alkali feldspar and plagioclase; minor quartz or nepheline may be present, along with pyroxene, amphibole or biotite. Ratio of plagioclase to total feldspar is less than 0.65, quartz forms less than 20 percent of QAPF fraction, and feldspathoid minerals form less than 10 percent of QAPF fraction.  Includes rocks classified in QAPF fields 6, 7 and 8 and their subdivisions."
http://resource.geosciml.org/classifier/cgi/lithology/syenogranite,syenogranite,"Granite that has a plagiolcase to total feldspar ratio between 0.10 and 0.35. QAPF field 3a."
http://resource.geosciml.org/classifier/cgi/lithology/tephra,Tephra,"Unconsolidated pyroclastic material in which greater than 75 percent of the fragments are deposited as a direct result of volcanic processes and the deposit has not been reworked by epiclastic processes. Includes ash, lapilli tephra, bomb tephra, block tephra and unconsolidated agglomerate."
http://resource.geosciml.org/classifier/cgi/lithology/tephrite,tephrite,"Tephritoid that has a plagioclase to total feldspar ratio greater than 0.9, and contains less than 10 percent normative (CIPW) olivine."
http://resource.geosciml.org/classifier/cgi/lithology/tephritic_foidite,"tephritic foidite","Foiditoid that contains less than 90 percent feldspathoid minerals in the QAPF fraction, and has a  plagioclase to total feldspar ratio that is greater than 0.5, with less than 10 percent normative olivine"
http://resource.geosciml.org/classifier/cgi/lithology/tephritic_phonolite,"tephritic phonolite","Phonolitoid that has a plagioclase to total feldspar ratio between 0.1 and 0.5. Broadly corresponds to TAS tephriphonolite of TAS field U3."
http://resource.geosciml.org/classifier/cgi/lithology/tephritoid,tephritoid,"Fine grained igneous rock than contains less than 90 percent mafic minerals, between 10 and 60 percent feldspathoid mineral in the QAPF fraction and has a plagioclase to total feldspar ratio greater than 0.5.  Includes rocks classified in QAPF field 13 and 14 or chemically in TAS field U1 as basanite or tephrite."
http://resource.geosciml.org/classifier/cgi/lithology/tholeiitic_basalt,"tholeiitic basalt","Tholeiitic basalt is defined here to contain 2 pyroxene phases and interstitial quartz or tridymite or cristobalite in the groundmass. Pyroxene (augite and orthopyroxene or pigeonite) and calcium-rich plagioclase are common phenocryst minerals. Olivine may also be a phenocryst, and when present, may have rims of pigeonite. Only in tholeiitic basalt is olivine in reaction relationship with melt. Interstitial siliceous residue may be present, and is often glassy. Tholeiitic basalt is relatively poor in sodium.   This category includes most basalts of the ocean floor, most large oceanic islands, and continental flood basalts such as the Columbia River Plateau."
http://resource.geosciml.org/classifier/cgi/lithology/tonalite,tonalite,"Granitoid consisting of quartz and intermediate plagioclase, usually with biotite and amphibole. Includes rocks defined modally in QAPF field 5; ratio of plagioclase to total feldspar is greater than 0.9."
http://resource.geosciml.org/classifier/cgi/lithology/trachyte,trachyte,"Trachytoid that has a plagioclase to total feldspar ratio between 0.1 and 0.35,  between 0 and 5 percent quartz in the QAPF fraction, and no feldspathoid minerals. QAPF field 7."
http://resource.geosciml.org/classifier/cgi/lithology/trachytic_rock,"trachytic rock","Trachytoid that has a plagioclase to total feldspar ratio between 0.1 and 0.35. QAPF fields 7, 7', and 7*."
http://resource.geosciml.org/classifier/cgi/lithology/trachytoid,trachytoid,"Fine grained igneous rock than contains less than 90 percent mafic minerals, less than 10 percent feldspathoid mineral and less than 20 percent quartz in the QAPF fraction and has a plagioclase to total feldspar ratio less than 0.65.   Mafic minerals typically include amphibole or mica; typically porphyritic. Includes rocks defined modally in QAPF fields 6, 7 and 8 (with subdivisions) or chemically in TAS Field T as trachyte or latite."
http://resource.geosciml.org/classifier/cgi/lithology/travertine,travertine,"Biotically or abiotically precipitated calcium carbonate, from spring-fed, heated, or ambient-temperature water. May be white and spongy, various shades of orange, tan or gray, and ranges to dense, banded or laminated rock. Macrophytes, bryophytes, algae, cyanobacteria and other organisms often colonize the surface of travertine and may be preserved, to produce the porous varieties."
http://resource.geosciml.org/classifier/cgi/lithology/tuff_breccia_agglomerate_or_pyroclastic_breccia,"tuff breccia agglomerate or pyroclastic breccia","Pyroclastic rock in which greater than 25 percent of particles are greater than 64 mm in largest dimension. Includes agglomerate, pyroclastic breccia of Gillespie and Styles (1999)"
http://resource.geosciml.org/classifier/cgi/lithology/tuffite,Tuffit,"Rock consists of more than 50 percent particles of indeterminate pyroclastic or epiclastic origin and less than 75 percent particles of clearly pyroclastic origin. commonly the rock is laminated or exhibits size grading. (based on LeMaitre et al. 2002; Murawski and Meyer 1998)."
http://resource.geosciml.org/classifier/cgi/lithology/ultrabasic_igneous_rock,"ultrabasic igneous rock","Igneous rock with less than 45 percent SiO2."
http://resource.geosciml.org/classifier/cgi/lithology/ultramafic_igneous_rock,"ultramafic igneous rock","Igneous rock that consists of greater than 90 percent mafic minerals."
http://resource.geosciml.org/classifier/cgi/lithology/unconsolidated_material,"unconsolidated material","compoundMaterial composed of an aggregation of particles that do not adhere to each other strongly enough that the aggregate can be considered a solid in its own right."
http://resource.geosciml.org/classifier/cgi/lithology/wacke,wacke,"Clastic sandstone with more than 10 percent matrix of indeterminate detrital or diagenetic nature. Matrix is mud size silicate minerals (clay, feldspar, quartz, rock fragments, and alteration products)."
http://resource.geosciml.org/classifierscheme/cgi/201211/simplelithology,"CGI Simple Lithology Categories","This is the  201202 CGI Simple Lithology vocabulary. Minor comment and bug fixes to definitions and encoding are made in this version. Major change is conversion of URIs to http URI."
