IEDA Features Keywords,IEDA-FEATURES-1,IEDA-FEATURES-2,IEDA-FEATURES-3,IEDA-FEATURES-4,IEDA-FEATURES-5,IEDA-FEATURES-6,IEDA-FEATURES-7,IEDA-FEATURES-8,IEDA-FEATURES-9,IEDA-FEATURES-10,IEDA-FEATURES-11,IEDA-FEATURES-12,IEDA-FEATURES-13,IEDA-FEATURES-14,IEDA-FEATURES-15,IEDA-FEATURES-16,IEDA-FEATURES-17,IEDA-FEATURES-18,IEDA-FEATURES-19,IEDA-FEATURES-20,IEDA-FEATURES-21,IEDA-FEATURES-22,IEDA-FEATURES-23,IEDA-FEATURES-24,IEDA-FEATURES-25
IEDA-FEATURES-1
IEDA-FEATURES-2
IEDA-FEATURES-3
IEDA-FEATURES-4
IEDA-FEATURES-5
IEDA-FEATURES-6
IEDA-FEATURES-7
IEDA-FEATURES-8
IEDA-FEATURES-9
IEDA-FEATURES-10
IEDA-FEATURES-11
IEDA-FEATURES-12
IEDA-FEATURES-13
IEDA-FEATURES-14
IEDA-FEATURES-15
IEDA-FEATURES-16
IEDA-FEATURES-17
IEDA-FEATURES-18
IEDA-FEATURES-19
IEDA-FEATURES-20
IEDA-FEATURES-21
IEDA-FEATURES-22
IEDA-FEATURES-23
IEDA-FEATURES-24
IEDA-FEATURES-25