IEDA Data Type Keywords,IEDA-DATATYPE-1,IEDA-DATATYPE-2,IEDA-DATATYPE-3,IEDA-DATATYPE-8,IEDA-DATATYPE-9,IEDA-DATATYPE-10,IEDA-DATATYPE-11,IEDA-DATATYPE-12,IEDA-DATATYPE-13,IEDA-DATATYPE-14,IEDA-DATATYPE-15,IEDA-DATATYPE-16,IEDA-DATATYPE-17,IEDA-DATATYPE-18,IEDA-DATATYPE-19,IEDA-DATATYPE-20,IEDA-DATATYPE-21,IEDA-DATATYPE-22,IEDA-DATATYPE-23,IEDA-DATATYPE-26,IEDA-DATATYPE-27,IEDA-DATATYPE-28,IEDA-DATATYPE-29
IEDA-DATATYPE-1
IEDA-DATATYPE-2
IEDA-DATATYPE-3,IEDA-DATATYPE-4,IEDA-DATATYPE-5,IEDA-DATATYPE-6,IEDA-DATATYPE-7
IEDA-DATATYPE-4
IEDA-DATATYPE-5
IEDA-DATATYPE-6
IEDA-DATATYPE-7
IEDA-DATATYPE-8
IEDA-DATATYPE-9
IEDA-DATATYPE-10
IEDA-DATATYPE-11
IEDA-DATATYPE-12
IEDA-DATATYPE-13
IEDA-DATATYPE-14
IEDA-DATATYPE-15
IEDA-DATATYPE-16
IEDA-DATATYPE-17
IEDA-DATATYPE-18
IEDA-DATATYPE-19
IEDA-DATATYPE-20
IEDA-DATATYPE-21
IEDA-DATATYPE-22
IEDA-DATATYPE-23,IEDA-DATATYPE-24,IEDA-DATATYPE-25
IEDA-DATATYPE-24
IEDA-DATATYPE-25
IEDA-DATATYPE-26
IEDA-DATATYPE-27
IEDA-DATATYPE-28
IEDA-DATATYPE-29